Workbook

Sheet Dashboard
A1: Studio Lotus — Operating Dashboard
A2: Live view of people, teams and software entitlements
A3: ="Last refreshed: " & TEXT(TODAY(),"dddd, mmmm d, yyyy") -> Last refreshed: Tuesday, June 2, 2026
A5: ⌂ Organisation
B7: Active Employees | C7: Principals | D7: Active Teams | E7: Interns | F7: Permanent | G7: Licensed People
B8: =COUNTIF(Master_Employees!P:P,TRUE()) -> 104 | C8: =4 -> 4 | D8: =COUNTIF(Groups!H:H,TRUE()) -> 17 | E8: =COUNTIFS(Master_Employees!O:O,"Intern",Master_Employees!P:P,TRUE()) -> 6 | F8: =COUNTIFS(Master_Employees!O:O,"Permanent",Master_Employees!P:P,TRUE()) -> 98 | G8: =SUMPRODUCT((Master_Employees!Q2:Q1000>0)*1) -> 87
B9: Include in Org = TRUE | C9: Harsh · Ambrish · Ankur · Asha | D9: across the studio | E9: currently on roll | F9: currently on roll | G9: have at least one tool
A11: ⌬ Licenses
B13: Software Titles | C13: Total Licenses | D13: License Assigned | E13: Spare Licenses | F13: Expiring 30d | G13: Expired
B14: =SUMPRODUCT((License_Inventory!C2:C194<>"")/COUNTIF(License_Inventory!C2:C194,License_Inventory!C2:C194&"")) -> 11 | C14: =SUM(License_Inventory!H:H) -> 297 | D14: =COUNTA(Licenses!A2:A4996) -> 216 | E14: =COUNTIFS(License_Inventory!O$2:O$199,">="&0,License_Inventory!O$2:O$199,"<="&30) -> 2 | F14: =COUNTIFS(License_Inventory!O$2:O$199,"<"&0) -> 0
B15: distinct tools | C15: across all contracts | D15: live assignments | E15: seats unallocated | F15: plan renewal | G15: renew now
A17: ◇ Headcount by Principal
A19: Principal | B19: Active Employees | C19: Active Teams | D19: Licenses Held
A20: Harsh Vardhan | B20: =COUNTIFS(Master_Employees!D:D,"Harsh Vardhan",Master_Employees!P:P,TRUE()) -> 28 | C20: =COUNTIFS(Groups!C:C,"Harsh Vardhan",Groups!H:H,TRUE()) -> 6 | D20: =SUMPRODUCT((Master_Employees!D2:D1000="Harsh Vardhan")*(Master_Employees!P2:P1000=TRUE())*(Master_Employees!Q2:Q1000)) -> 53
A21: Ambrish Arora | B21: =COUNTIFS(Master_Employees!D:D,"Ambrish Arora",Master_Employees!P:P,TRUE()) -> 25 | C21: =COUNTIFS(Groups!C:C,"Ambrish Arora",Groups!H:H,TRUE()) -> 4 | D21: =SUMPRODUCT((Master_Employees!D2:D1000="Ambrish Arora")*(Master_Employees!P2:P1000=TRUE())*(Master_Employees!Q2:Q1000)) -> 53
A22: Ankur Choksi | B22: =COUNTIFS(Master_Employees!D:D,"Ankur Choksi",Master_Employees!P:P,TRUE()) -> 21 | C22: =COUNTIFS(Groups!C:C,"Ankur Choksi",Groups!H:H,TRUE()) -> 3 | D22: =SUMPRODUCT((Master_Employees!D2:D1000="Ankur Choksi")*(Master_Employees!P2:P1000=TRUE())*(Master_Employees!Q2:Q1000)) -> 39
A23: Asha Sairam | B23: =COUNTIFS(Master_Employees!D:D,"Asha Sairam",Master_Employees!P:P,TRUE()) -> 30 | C23: =COUNTIFS(Groups!C:C,"Asha Sairam",Groups!H:H,TRUE()) -> 4 | D23: =SUMPRODUCT((Master_Employees!D2:D1000="Asha Sairam")*(Master_Employees!P2:P1000=TRUE())*(Master_Employees!Q2:Q1000)) -> 62
A26: ➤ Go to
A28: License_Dashboard | B28: Full software inventory, utilisation and renewal posture
A29: Master_Employees | B29: Source of truth for every person — edit Group Key to re-team
A30: Licenses | B30: One row per user-license assignment; data validation included
A31: License_Inventory | B31: Contracts: vendor, seats, dates, days-to-expiry
A32: Expiring_Soon | B32: ⚠ Watchlist for the next 30 days — change horizon in B2
A33: Group_License_View | B33: Pivot of licenses by team and principal
A34: User_License_Matrix | B34: Who has which tool — cross-tab
A35: Live_Org_Chart | B35: Rendered org tree (rebuilt by Apps Script)
A37: Apps Script — once imported into Google Sheets, paste the provided Code.gs and OrgTree.html into Extensions > Apps Script, then run Studio Lotus Org > Setup Auto Refresh. A daily trigger (sendRenewalDigest) can email itsupport@studiolotus.in when contracts approach expiry.

Sheet Master_Employees
A1: Employee No | B1: Employee Name | C1: Work Email | D1: Principal | E1: Group Key | F1: Group / Team | G1: Team Lead | H1: Org Level | I1: Job Title | J1: Source Reports To | K1: Source Manager Emp No | L1: Manager Override Emp No | M1: Business Unit | N1: Department | O1: Worker Type | P1: Include in Org | Q1: License Count | R1: Notes | S1: DOJ | T1: Prior Exp (yrs) | U1: Image URL | V1: Designation Level | W1: Designation Color
A2: SL0027 | B2: Harsh Vardhan | C2: harsh@studiolotus.in | D2: =IFERROR(VLOOKUP(E2,Groups!$A:$I,3,FALSE()),"Unassigned") -> Harsh Vardhan | E2: HARSH-HOMES | F2: =IFERROR(VLOOKUP(E2,Groups!$A:$I,2,FALSE()),"Unassigned") -> Homes | G2: =IFERROR(VLOOKUP(E2,Groups!$A:$I,4,FALSE()),"Direct Reports") -> Harsh Vardhan | H2: =IF(OR(P2=FALSE(),P2="FALSE"),"Excluded",IF(B2=D2,"Principal",IF(B2=G2,"Team Lead","Member"))) -> Principal | I2: Principal | J2: Ambrish Arora | K2: SL0001 | M2: Studio Lotus | N2: Unit Support | O2: Permanent | P2: =TRUE() -> TRUE | Q2: =COUNTIF(Licenses!$A:$A,C2) -> 0 | S2: 42979 | V2: Principal | W2: #1A2332
A3: SL0244 | B3: Anandita Kaur Narula | C3: anandita.narula@studiolotus.in | D3: =IFERROR(VLOOKUP(E3,Groups!$A:$I,3,FALSE()),"Unassigned") -> Harsh Vardhan | E3: HARSH-HOMES | F3: =IFERROR(VLOOKUP(E3,Groups!$A:$I,2,FALSE()),"Unassigned") -> Homes | G3: =IFERROR(VLOOKUP(E3,Groups!$A:$I,4,FALSE()),"Direct Reports") -> Harsh Vardhan | H3: =IF(OR(P3=FALSE(),P3="FALSE"),"Excluded",IF(B3=D3,"Principal",IF(B3=G3,"Team Lead","Member"))) -> Member | I3: Sr. Architect | J3: Harsh Vardhan | K3: SL0027 | M3: Unit 2 | N3: Residential & Commercial ID & Arch-Unit 2 | O3: Permanent | P3: =TRUE() -> TRUE | Q3: =COUNTIF(Licenses!$A:$A,C3) -> 3 | S3: 45139 | V3: Senior Architect/Designer | W3: #A4853D
A4: SL0272 | B4: Anshika Maheshwari | C4: anshika@studiolotus.in | D4: =IFERROR(VLOOKUP(E4,Groups!$A:$I,3,FALSE()),"Unassigned") -> Harsh Vardhan | E4: HARSH-HOMES | F4: =IFERROR(VLOOKUP(E4,Groups!$A:$I,2,FALSE()),"Unassigned") -> Homes | G4: =IFERROR(VLOOKUP(E4,Groups!$A:$I,4,FALSE()),"Direct Reports") -> Harsh Vardhan | H4: =IF(OR(P4=FALSE(),P4="FALSE"),"Excluded",IF(B4=D4,"Principal",IF(B4=G4,"Team Lead","Member"))) -> Member | I4: Architect | J4: Harsh Vardhan | K4: SL0027 | M4: Unit 2 | N4: Residential & Commercial ID & Arch-Unit 2 | O4: Permanent | P4: =TRUE() -> TRUE | Q4: =COUNTIF(Licenses!$A:$A,C4) -> 3 | S4: 45355 | V4: Architect/Designer | W4: #5D4156
A5: SL0007 | B5: Kavita Chatola | C5: kavita@studiolotus.in | D5: =IFERROR(VLOOKUP(E5,Groups!$A:$I,3,FALSE()),"Unassigned") -> Harsh Vardhan | E5: HARSH-ADMIN | F5: =IFERROR(VLOOKUP(E5,Groups!$A:$I,2,FALSE()),"Unassigned") -> Admin & Infra | G5: =IFERROR(VLOOKUP(E5,Groups!$A:$I,4,FALSE()),"Direct Reports") -> Kavita Chatola | H5: =IF(OR(P5=FALSE(),P5="FALSE"),"Excluded",IF(B5=D5,"Principal",IF(B5=G5,"Team Lead","Member"))) -> Team Lead | I5: Manager Administration | J5: Harsh Vardhan | K5: SL0027 | M5: Studio Lotus | N5: Unit Support | O5: Permanent | P5: =TRUE() -> TRUE | Q5: =COUNTIF(Licenses!$A:$A,C5) -> 2 | S5: 40692 | V5: Support | W5: #707A87
A6: SL0203 | B6: Maitrayee Takale | C6: maitrayee@studiolotus.in | D6: =IFERROR(VLOOKUP(E6,Groups!$A:$I,3,FALSE()),"Unassigned") -> Harsh Vardhan | E6: HARSH-HOMES | F6: =IFERROR(VLOOKUP(E6,Groups!$A:$I,2,FALSE()),"Unassigned") -> Homes | G6: =IFERROR(VLOOKUP(E6,Groups!$A:$I,4,FALSE()),"Direct Reports") -> Harsh Vardhan | H6: =IF(OR(P6=FALSE(),P6="FALSE"),"Excluded",IF(B6=D6,"Principal",IF(B6=G6,"Team Lead","Member"))) -> Member | I6: Sr. Architect | J6: Harsh Vardhan | K6: SL0027 | M6: Unit 2 | N6: Residential & Commercial ID & Arch-Unit 2 | O6: Permanent | P6: =TRUE() -> TRUE | Q6: =COUNTIF(Licenses!$A:$A,C6) -> 2 | S6: 44879 | V6: Senior Architect/Designer | W6: #A4853D
A7: SL0302 | B7: Sarthak Sharma | C7: sarthak.sharma@studiolotus.in | D7: =IFERROR(VLOOKUP(E7,Groups!$A:$I,3,FALSE()),"Unassigned") -> Harsh Vardhan | E7: HARSH-HOMES | F7: =IFERROR(VLOOKUP(E7,Groups!$A:$I,2,FALSE()),"Unassigned") -> Homes | G7: =IFERROR(VLOOKUP(E7,Groups!$A:$I,4,FALSE()),"Direct Reports") -> Harsh Vardhan | H7: =IF(OR(P7=FALSE(),P7="FALSE"),"Excluded",IF(B7=D7,"Principal",IF(B7=G7,"Team Lead","Member"))) -> Member | I7: Architect | J7: Harsh Vardhan | K7: SL0027 | M7: Unit 2 | N7: Residential & Commercial ID & Arch-Unit 2 | O7: Permanent | P7: =TRUE() -> TRUE | Q7: =COUNTIF(Licenses!$A:$A,C7) -> 2 | S7: 45539 | V7: Architect/Designer | W7: #5D4156
A8: SL0063 | B8: Tanvi Jain | C8: tanvi@studiolotus.in | D8: =IFERROR(VLOOKUP(E8,Groups!$A:$I,3,FALSE()),"Unassigned") -> Harsh Vardhan | E8: HARSH-BD | F8: =IFERROR(VLOOKUP(E8,Groups!$A:$I,2,FALSE()),"Unassigned") -> BD & Comms | G8: =IFERROR(VLOOKUP(E8,Groups!$A:$I,4,FALSE()),"Direct Reports") -> Amita Goel | H8: =IF(OR(P8=FALSE(),P8="FALSE"),"Excluded",IF(B8=D8,"Principal",IF(B8=G8,"Team Lead","Member"))) -> Member | I8: Engagement Manager- Business Development | J8: Harsh Vardhan | K8: SL0027 | M8: Studio Lotus | N8: Unit Support | O8: Permanent | P8: =TRUE() -> TRUE | Q8: =COUNTIF(Licenses!$A:$A,C8) -> 2 | S8: 43556 | V8: Support | W8: #707A87
A9: SL0338 | B9: Aditi Agashe | C9: aditi.agashe@studiolotus.in | D9: =IFERROR(VLOOKUP(E9,Groups!$A:$I,3,FALSE()),"Unassigned") -> Harsh Vardhan | E9: HARSH-HOMES | F9: =IFERROR(VLOOKUP(E9,Groups!$A:$I,2,FALSE()),"Unassigned") -> Homes | G9: =IFERROR(VLOOKUP(E9,Groups!$A:$I,4,FALSE()),"Direct Reports") -> Harsh Vardhan | H9: =IF(OR(P9=FALSE(),P9="FALSE"),"Excluded",IF(B9=D9,"Principal",IF(B9=G9,"Team Lead","Member"))) -> Member | I9: Project Architect | J9: Harsh Vardhan | K9: SL0027 | M9: Unit 2 | N9: Residential & Commercial ID & Arch-Unit 2 | O9: Permanent | P9: =TRUE() -> TRUE | Q9: =COUNTIF(Licenses!$A:$A,C9) -> 2 | S9: 45909 | V9: Project Architect/Designer | W9: #8A4A35
A10: 453 | B10: Ambar Agarwal | C10: ambar.agarwal@studiolotus.in | D10: =IFERROR(VLOOKUP(E10,Groups!$A:$I,3,FALSE()),"Unassigned") -> Harsh Vardhan | E10: HARSH-HOMES | F10: =IFERROR(VLOOKUP(E10,Groups!$A:$I,2,FALSE()),"Unassigned") -> Homes | G10: =IFERROR(VLOOKUP(E10,Groups!$A:$I,4,FALSE()),"Direct Reports") -> Harsh Vardhan | H10: =IF(OR(P10=FALSE(),P10="FALSE"),"Excluded",IF(B10=D10,"Principal",IF(B10=G10,"Team Lead","Member"))) -> Member | I10: Intern | J10: Aditi Agashe | K10: SL0338 | M10: Unit 2 | N10: Residential & Commercial ID & Arch-Unit 2 | O10: Intern | P10: =TRUE() -> TRUE | Q10: =COUNTIF(Licenses!$A:$A,C10) -> 1 | S10: 46055 | V10: Intern | W10: #97A0AB
A11: SL0224 | B11: Amita Goel | C11: amita@studiolotus.in | D11: =IFERROR(VLOOKUP(E11,Groups!$A:$I,3,FALSE()),"Unassigned") -> Harsh Vardhan | E11: HARSH-BD | F11: =IFERROR(VLOOKUP(E11,Groups!$A:$I,2,FALSE()),"Unassigned") -> BD & Comms | G11: =IFERROR(VLOOKUP(E11,Groups!$A:$I,4,FALSE()),"Direct Reports") -> Amita Goel | H11: =IF(OR(P11=FALSE(),P11="FALSE"),"Excluded",IF(B11=D11,"Principal",IF(B11=G11,"Team Lead","Member"))) -> Team Lead | I11: Associate Principal | J11: Harsh Vardhan | K11: SL0027 | M11: Studio Lotus | N11: Unit Support | O11: Permanent | P11: =TRUE() -> TRUE | Q11: =COUNTIF(Licenses!$A:$A,C11) -> 1 | S11: 45082 | V11: Associate Principal | W11: #2E4057
A12: SL0249 | B12: Atharv Subharwal | C12: atharv@studiolotus.in | D12: =IFERROR(VLOOKUP(E12,Groups!$A:$I,3,FALSE()),"Unassigned") -> Harsh Vardhan | E12: HARSH-BD | F12: =IFERROR(VLOOKUP(E12,Groups!$A:$I,2,FALSE()),"Unassigned") -> BD & Comms | G12: =IFERROR(VLOOKUP(E12,Groups!$A:$I,4,FALSE()),"Direct Reports") -> Amita Goel | H12: =IF(OR(P12=FALSE(),P12="FALSE"),"Excluded",IF(B12=D12,"Principal",IF(B12=G12,"Team Lead","Member"))) -> Member | I12: Sr. 3D Artist | J12: Amita Goel | K12: SL0224 | M12: Studio Lotus | N12: Unit Support | O12: Permanent | P12: =TRUE() -> TRUE | Q12: =COUNTIF(Licenses!$A:$A,C12) -> 6 | S12: 45166 | V12: Support | W12: #707A87
A13: SL0236 | B13: Bharati Asmita | C13: asmita.bharati@studiolotus.in | D13: =IFERROR(VLOOKUP(E13,Groups!$A:$I,3,FALSE()),"Unassigned") -> Harsh Vardhan | E13: HARSH-BD | F13: =IFERROR(VLOOKUP(E13,Groups!$A:$I,2,FALSE()),"Unassigned") -> BD & Comms | G13: =IFERROR(VLOOKUP(E13,Groups!$A:$I,4,FALSE()),"Direct Reports") -> Amita Goel | H13: =IF(OR(P13=FALSE(),P13="FALSE"),"Excluded",IF(B13=D13,"Principal",IF(B13=G13,"Team Lead","Member"))) -> Member | I13: Communications Manager | J13: Amita Goel | K13: SL0224 | M13: Studio Lotus | N13: Unit Support | O13: Permanent | P13: =TRUE() -> TRUE | Q13: =COUNTIF(Licenses!$A:$A,C13) -> 6 | S13: 45119 | V13: Support | W13: #707A87
... A20: 9 | B20: Vikram Singh | C20: vikram056085@gmail.com | D20: =IFERROR(VLOOKUP(E20,Groups!$A:$I,3,FALSE()),"Unassigned") -> Harsh Vardhan | E20: HARSH-ADMIN | F20: =IFERROR(VLOOKUP(E20,Groups!$A:$I,2,FALSE()),"Unassigned") -> Admin & Infra | G20: =IFERROR(VLOOKUP(E20,Groups!$A:$I,4,FALSE()),"Direct Reports") -> Kavita Chatola | H20: =IF(OR(P20=FALSE(),P20="FALSE"),"Excluded",IF(B20=D20,"Principal",IF(B20=G20,"Team Lead","Member"))) -> Member | I20: Office Support | J20: Atul Kumar Singh | K20: SL0266 | M20: Studio Lotus | N20: Unit Support | O20: Permanent | P20: =TRUE() -> TRUE | Q20: =COUNTIF(Licenses!$A:$A,C20) -> 0 | S20: 40957 | V20: Support | W20: #707A87
A21: SL0343 | B21: Devdutt Kumar | C21: devdutt.kumar@studiolotus.in | D21: =IFERROR(VLOOKUP(E21,Groups!$A:$I,3,FALSE()),"Unassigned") -> Harsh Vardhan | E21: HARSH-IT | F21: =IFERROR(VLOOKUP(E21,Groups!$A:$I,2,FALSE()),"Unassigned") -> IT & Tech | G21: =IFERROR(VLOOKUP(E21,Groups!$A:$I,4,FALSE()),"Direct Reports") -> Devdutt Kumar | H21: =IF(OR(P21=FALSE(),P21="FALSE"),"Excluded",IF(B21=D21,"Principal",IF(B21=G21,"Team Lead","Member"))) -> Team Lead | I21: Senior Software Engineer, Data Platform | J21: Harsh Vardhan | K21: SL0027 | M21: Studio Lotus | N21: Unit Support | O21: Permanent | P21: =TRUE() -> TRUE | Q21: =COUNTIF(Licenses!$A:$A,C21) -> 2 | S21: 45964 | T21: 3.5 | V21: Support | W21: #707A87
A22: SL0090 | B22: Nitayee Das | C22: itsupport@studiolotus.in | D22: =IFERROR(VLOOKUP(E22,Groups!$A:$I,3,FALSE()),"Unassigned") -> Harsh Vardhan | E22: HARSH-IT | F22: =IFERROR(VLOOKUP(E22,Groups!$A:$I,2,FALSE()),"Unassigned") -> IT & Tech | G22: =IFERROR(VLOOKUP(E22,Groups!$A:$I,4,FALSE()),"Direct Reports") -> Devdutt Kumar | H22: =IF(OR(P22=FALSE(),P22="FALSE"),"Excluded",IF(B22=D22,"Principal",IF(B22=G22,"Team Lead","Member"))) -> Member | I22: Manager (Information Technology) | J22: Devdutt Kumar | K22: SL0343 | M22: Studio Lotus | N22: Unit Support | O22: Permanent | P22: =TRUE() -> TRUE | Q22: =COUNTIF(Licenses!$A:$A,C22) -> 3 | S22: 43822 | V22: Support | W22: #707A87
A23: SL0321 | B23: Sachin Tyagi | C23: sachin.tyagi@studiolotus.in | D23: =IFERROR(VLOOKUP(E23,Groups!$A:$I,3,FALSE()),"Unassigned") -> Harsh Vardhan | E23: HARSH-IT | F23: =IFERROR(VLOOKUP(E23,Groups!$A:$I,2,FALSE()),"Unassigned") -> IT & Tech | G23: =IFERROR(VLOOKUP(E23,Groups!$A:$I,4,FALSE()),"Direct Reports") -> Devdutt Kumar | H23: =IF(OR(P23=FALSE(),P23="FALSE"),"Excluded",IF(B23=D23,"Principal",IF(B23=G23,"Team Lead","Member"))) -> Member | I23: Senior Manager - IT | J23: Devdutt Kumar | K23: SL0343 | M23: Studio Lotus | N23: Unit Support | O23: Permanent | P23: =TRUE() -> TRUE | Q23: =COUNTIF(Licenses!$A:$A,C23) -> 3 | S23: 45726 | V23: Support | W23: #707A87
A24: SL0356 | B24: Isha Singh | C24: isha.singh@studiolotus.in | D24: =IFERROR(VLOOKUP(E24,Groups!$A:$I,3,FALSE()),"Unassigned") -> Harsh Vardhan | E24: HARSH-PEOPLE | F24: =IFERROR(VLOOKUP(E24,Groups!$A:$I,2,FALSE()),"Unassigned") -> People & Culture | G24: =IFERROR(VLOOKUP(E24,Groups!$A:$I,4,FALSE()),"Direct Reports") -> Isha Singh | H24: =IF(OR(P24=FALSE(),P24="FALSE"),"Excluded",IF(B24=D24,"Principal",IF(B24=G24,"Team Lead","Member"))) -> Team Lead | I24: Senior Manager- Human Resources | J24: Harsh Vardhan | K24: SL0027 | M24: Studio Lotus | N24: Unit Support | O24: Permanent | P24: =TRUE() -> TRUE | Q24: =COUNTIF(Licenses!$A:$A,C24) -> 1 | S24: 46069 | V24: Support | W24: #707A87
A25: SL0157 | B25: Nishant Singh | C25: nishant.singh@studiolotus.in | D25: =IFERROR(VLOOKUP(E25,Groups!$A:$I,3,FALSE()),"Unassigned") -> Harsh Vardhan | E25: HARSH-PEOPLE | F25: =IFERROR(VLOOKUP(E25,Groups!$A:$I,2,FALSE()),"Unassigned") -> People & Culture | G25: =IFERROR(VLOOKUP(E25,Groups!$A:$I,4,FALSE()),"Direct Reports") -> Isha Singh | H25: =IF(OR(P25=FALSE(),P25="FALSE"),"Excluded",IF(B25=D25,"Principal",IF(B25=G25,"Team Lead","Member"))) -> Member | I25: Administrator Human Resources | J25: Isha Singh | K25: SL0356 | M25: Studio Lotus | N25: Unit Support | O25: Permanent | P25: =TRUE() -> TRUE | Q25: =COUNTIF(Licenses!$A:$A,C25) -> 2 | S25: 44298 | V25: Support | W25: #707A87
A26: SL0001 | B26: Ambrish Arora | C26: ambrish@studiolotus.in | D26: =IFERROR(VLOOKUP(E26,Groups!$A:$I,3,FALSE()),"Unassigned") -> Ambrish Arora | E26: AMB-DIRECT | F26: =IFERROR(VLOOKUP(E26,Groups!$A:$I,2,FALSE()),"Unassigned") -> Direct Reports | G26: =IFERROR(VLOOKUP(E26,Groups!$A:$I,4,FALSE()),"Direct Reports") -> Ambrish Arora | H26: =IF(OR(P26=FALSE(),P26="FALSE"),"Excluded",IF(B26=D26,"Principal",IF(B26=G26,"Team Lead","Member"))) -> Principal | I26: Principal | J26: Ambrish Arora | K26: SL0001 | M26: Studio Lotus | N26: Architecture Unit 1 | O26: Permanent | P26: =TRUE() -> TRUE | Q26: =COUNTIF(Licenses!$A:$A,C26) -> 0 | S26: 37299 | V26: Principal | W26: #1A2332
A27: SL0098 | B27: Prajwal Yashwant Amin | C27: prajwal@studiolotus.in | D27: =IFERROR(VLOOKUP(E27,Groups!$A:$I,3,FALSE()),"Unassigned") -> Ambrish Arora | E27: AMB-PRAJWAL | F27: =IFERROR(VLOOKUP(E27,Groups!$A:$I,2,FALSE()),"Unassigned") -> Prajwal Yashwant Amin Team | G27: =IFERROR(VLOOKUP(E27,Groups!$A:$I,4,FALSE()),"Direct Reports") -> Prajwal Yashwant Amin | H27: =IF(OR(P27=FALSE(),P27="FALSE"),"Excluded",IF(B27=D27,"Principal",IF(B27=G27,"Team Lead","Member"))) -> Team Lead | I27: Project Architect | J27: Ambrish Arora | K27: SL0001 | M27: Unit 1 | N27: Architecture Unit 1 | O27: Permanent | P27: =TRUE() -> TRUE | Q27: =COUNTIF(Licenses!$A:$A,C27) -> 4 | S27: 44153 | V27: Project Architect/Designer | W27: #8A4A35
A28: SL0250 | B28: Aditi Panwar | C28: aditi.panwar@studiolotus.in | D28: =IFERROR(VLOOKUP(E28,Groups!$A:$I,3,FALSE()),"Unassigned") -> Ambrish Arora | E28: AMB-PRAJWAL | F28: =IFERROR(VLOOKUP(E28,Groups!$A:$I,2,FALSE()),"Unassigned") -> Prajwal Yashwant Amin Team | G28: =IFERROR(VLOOKUP(E28,Groups!$A:$I,4,FALSE()),"Direct Reports") -> Prajwal Yashwant Amin | H28: =IF(OR(P28=FALSE(),P28="FALSE"),"Excluded",IF(B28=D28,"Principal",IF(B28=G28,"Team Lead","Member"))) -> Member | I28: Architect | J28: Prajwal Yashwant Amin | K28: SL0098 | M28: Unit 1 | N28: Architecture Unit 1 | O28: Permanent | P28: =TRUE() -> TRUE | Q28: =COUNTIF(Licenses!$A:$A,C28) -> 3 | S28: 45175 | V28: Architect/Designer | W28: #5D4156
A29: SL0352 | B29: Ayushi Patwari | C29: ayushi.patwari@studiolotus.in | D29: =IFERROR(VLOOKUP(E29,Groups!$A:$I,3,FALSE()),"Unassigned") -> Ambrish Arora | E29: AMB-PRAJWAL | F29: =IFERROR(VLOOKUP(E29,Groups!$A:$I,2,FALSE()),"Unassigned") -> Prajwal Yashwant Amin Team | G29: =IFERROR(VLOOKUP(E29,Groups!$A:$I,4,FALSE()),"Direct Reports") -> Prajwal Yashwant Amin | H29: =IF(OR(P29=FALSE(),P29="FALSE"),"Excluded",IF(B29=D29,"Principal",IF(B29=G29,"Team Lead","Member"))) -> Member | I29: Architect | J29: Prajwal Yashwant Amin | K29: SL0098 | M29: Unit 1 | N29: Architecture Unit 1 | O29: Permanent | P29: =TRUE() -> TRUE | Q29: =COUNTIF(Licenses!$A:$A,C29) -> 3 | S29: 46041 | V29: Architect/Designer | W29: #5D4156
A30: SL0307 | B30: Puru Bhatia | C30: puru.bhatia@studiolotus.in | D30: =IFERROR(VLOOKUP(E30,Groups!$A:$I,3,FALSE()),"Unassigned") -> Ambrish Arora | E30: AMB-PRAJWAL | F30: =IFERROR(VLOOKUP(E30,Groups!$A:$I,2,FALSE()),"Unassigned") -> Prajwal Yashwant Amin Team | G30: =IFERROR(VLOOKUP(E30,Groups!$A:$I,4,FALSE()),"Direct Reports") -> Prajwal Yashwant Amin | H30: =IF(OR(P30=FALSE(),P30="FALSE"),"Excluded",IF(B30=D30,"Principal",IF(B30=G30,"Team Lead","Member"))) -> Member | I30: Architect | J30: Prajwal Yashwant Amin | K30: SL0098 | M30: Unit 1 | N30: Architecture Unit 1 | O30: Permanent | P30: =TRUE() -> TRUE | Q30: =COUNTIF(Licenses!$A:$A,C30) -> 2 | S30: 45558 | V30: Architect/Designer | W30: #5D4156
A31: SL0330 | B31: Suhani Khandelwal | C31: suhani.khandelwal@studiolotus.in | D31: =IFERROR(VLOOKUP(E31,Groups!$A:$I,3,FALSE()),"Unassigned") -> Ambrish Arora | E31: AMB-PRAJWAL | F31: =IFERROR(VLOOKUP(E31,Groups!$A:$I,2,FALSE()),"Unassigned") -> Prajwal Yashwant Amin Team | G31: =IFERROR(VLOOKUP(E31,Groups!$A:$I,4,FALSE()),"Direct Reports") -> Prajwal Yashwant Amin | H31: =IF(OR(P31=FALSE(),P31="FALSE"),"Excluded",IF(B31=D31,"Principal",IF(B31=G31,"Team Lead","Member"))) -> Member | I31: Architect | J31: Prajwal Yashwant Amin | K31: SL0098 | M31: Unit 1 | N31: Architecture Unit 1 | O31: Permanent | P31: =TRUE() -> TRUE | Q31: =COUNTIF(Licenses!$A:$A,C31) -> 3 | S31: 45859 | V31: Architect/Designer | W31: #5D4156
A32: SL0006 | B32: Rajendra Kumar Mohanty | C32: rajendra@studiolotus.in | D32: =IFERROR(VLOOKUP(E32,Groups!$A:$I,3,FALSE()),"Unassigned") -> Harsh Vardhan | E32: HARSH-FINANCE | F32: =IFERROR(VLOOKUP(E32,Groups!$A:$I,2,FALSE()),"Unassigned") -> Finance & Accounts | G32: =IFERROR(VLOOKUP(E32,Groups!$A:$I,4,FALSE()),"Direct Reports") -> Rajendra Kumar Mohanty | H32: =IF(OR(P32=FALSE(),P32="FALSE"),"Excluded",IF(B32=D32,"Principal",IF(B32=G32,"Team Lead","Member"))) -> Team Lead | I32: Head Finance and Accounts | J32: Ambrish Arora | K32: SL0001 | M32: Studio Lotus | N32: Unit Support | O32: Permanent | P32: =TRUE() -> TRUE | Q32: =COUNTIF(Licenses!$A:$A,C32) -> 4 | S32: 40247 | V32: Support | W32: #707A87
A33: SL0305 | B33: Aman Jha | C33: accountsexecutive@studiolotus.in | D33: Harsh Vardhan | E33: HARSH-FINANCE | F33: Finance & Accounts | G33: Rajendra Kumar Mohanty | H33: =IF(OR(P33=FALSE(),P33="FALSE"),"Excluded",IF(B33=D33,"Principal",IF(B33=G33,"Team Lead","Member"))) -> Member | I33: Accounts Executive | J33: Rajendra Kumar Mohanty | K33: SL0006 | M33: Studio Lotus | N33: Unit Support | O33: Permanent | P33: =TRUE() -> TRUE | Q33: =COUNTIF(Licenses!$A:$A,C33) -> 0 | S33: 45566 | V33: Support | W33: #707A87
A34: 77 | B34: HR Studio Lotus | C34: hr@studiolotus.in | D34: =IFERROR(VLOOKUP(E34,Groups!$A:$I,3,FALSE()),"Unassigned") -> Harsh Vardhan | E34: HARSH-PEOPLE | F34: =IFERROR(VLOOKUP(E34,Groups!$A:$I,2,FALSE()),"Unassigned") -> People & Culture | G34: =IFERROR(VLOOKUP(E34,Groups!$A:$I,4,FALSE()),"Direct Reports") -> Isha Singh | H34: =IF(OR(P34=FALSE(),P34="FALSE"),"Excluded",IF(B34=D34,"Principal",IF(B34=G34,"Team Lead","Member"))) -> Member | I34: Human Resources Head | J34: Nirmal Singh Bhakuni | K34: SL0008 | M34: Studio Lotus | N34: Unit Support | O34: Permanent | P34: =TRUE() -> TRUE | Q34: =COUNTIF(Licenses!$A:$A,C34) -> 0 | S34: 44866 | V34: Support | W34: #707A87
A35: SL0008 | B35: Nirmal Singh Bhakuni | C35: nirmal@studiolotus.in | D35: =IFERROR(VLOOKUP(E35,Groups!$A:$I,3,FALSE()),"Unassigned") -> Harsh Vardhan | E35: HARSH-FINANCE | F35: =IFERROR(VLOOKUP(E35,Groups!$A:$I,2,FALSE()),"Unassigned") -> Finance & Accounts | G35: =IFERROR(VLOOKUP(E35,Groups!$A:$I,4,FALSE()),"Direct Reports") -> Rajendra Kumar Mohanty | H35: =IF(OR(P35=FALSE(),P35="FALSE"),"Excluded",IF(B35=D35,"Principal",IF(B35=G35,"Team Lead","Member"))) -> Member | I35: Assistant Manager -Accounts | J35: Rajendra Kumar Mohanty | K35: SL0006 | M35: Studio Lotus | N35: Unit Support | O35: Permanent | P35: =TRUE() -> TRUE | Q35: =COUNTIF(Licenses!$A:$A,C35) -> 4 | S35: 42065 | V35: Support | W35: #707A87
A36: SL0314 | B36: Varun Srivastava | C36: varun.srivastava@studiolotus.in | D36: =IFERROR(VLOOKUP(E36,Groups!$A:$I,3,FALSE()),"Unassigned") -> Ambrish Arora | E36: AMB-VARUN | F36: =IFERROR(VLOOKUP(E36,Groups!$A:$I,2,FALSE()),"Unassigned") -> Varun Srivastava Team | G36: =IFERROR(VLOOKUP(E36,Groups!$A:$I,4,FALSE()),"Direct Reports") -> Varun Srivastava | H36: =IF(OR(P36=FALSE(),P36="FALSE"),"Excluded",IF(B36=D36,"Principal",IF(B36=G36,"Team Lead","Member"))) -> Team Lead | I36: Group Leader | J36: Ambrish Arora | K36: SL0001 | M36: Unit 1 | N36: Architecture Unit 1 | O36: Permanent | P36: =TRUE() -> TRUE | Q36: =COUNTIF(Licenses!$A:$A,C36) -> 3 | S36: 45659 | V36: Group Leader | W36: #475E4A
A37: SL0333 | B37: Adhiraj Sirkeck | C37: adhiraj.sirkeck@studiolotus.in | D37: =IFERROR(VLOOKUP(E37,Groups!$A:$I,3,FALSE()),"Unassigned") -> Ambrish Arora | E37: AMB-VARUN | F37: =IFERROR(VLOOKUP(E37,Groups!$A:$I,2,FALSE()),"Unassigned") -> Varun Srivastava Team | G37: =IFERROR(VLOOKUP(E37,Groups!$A:$I,4,FALSE()),"Direct Reports") -> Varun Srivastava | H37: =IF(OR(P37=FALSE(),P37="FALSE"),"Excluded",IF(B37=D37,"Principal",IF(B37=G37,"Team Lead","Member"))) -> Member | I37: Sr. Architect | J37: Varun Srivastava | K37: SL0314 | M37: Unit 1 | N37: Architecture Unit 1 | O37: Permanent | P37: =TRUE() -> TRUE | Q37: =COUNTIF(Licenses!$A:$A,C37) -> 2 | S37: 45873 | V37: Senior Architect/Designer | W37: #A4853D
A38: SL0299 | B38: Harsha Singh | C38: harsha.singh@studiolotus.in | D38: =IFERROR(VLOOKUP(E38,Groups!$A:$I,3,FALSE()),"Unassigned") -> Ambrish Arora | E38: AMB-VARUN | F38: =IFERROR(VLOOKUP(E38,Groups!$A:$I,2,FALSE()),"Unassigned") -> Varun Srivastava Team | G38: =IFERROR(VLOOKUP(E38,Groups!$A:$I,4,FALSE()),"Direct Reports") -> Varun Srivastava | H38: =IF(OR(P38=FALSE(),P38="FALSE"),"Excluded",IF(B38=D38,"Principal",IF(B38=G38,"Team Lead","Member"))) -> Member | I38: Architect | J38: Varun Srivastava | K38: SL0314 | M38: Unit 1 | N38: Architecture Unit 1 | O38: Permanent | P38: =TRUE() -> TRUE | Q38: =COUNTIF(Licenses!$A:$A,C38) -> 2 | S38: 45532 | V38: Architect/Designer | W38: #5D4156
A39: SL0357 | B39: Khushboo Pandey | C39: khushboo.pandey@studiolotus.in | D39: =IFERROR(VLOOKUP(E39,Groups!$A:$I,3,FALSE()),"Unassigned") -> Ambrish Arora | E39: AMB-VARUN | F39: =IFERROR(VLOOKUP(E39,Groups!$A:$I,2,FALSE()),"Unassigned") -> Varun Srivastava Team | G39: =IFERROR(VLOOKUP(E39,Groups!$A:$I,4,FALSE()),"Direct Reports") -> Varun Srivastava | H39: =IF(OR(P39=FALSE(),P39="FALSE"),"Excluded",IF(B39=D39,"Principal",IF(B39=G39,"Team Lead","Member"))) -> Member | I39: Project Architect | J39: Varun Srivastava | K39: SL0314 | M39: Unit 1 | N39: Architecture Unit 1 | O39: Permanent | P39: =TRUE() -> TRUE | Q39: =COUNTIF(Licenses!$A:$A,C39) -> 1 | S39: 46086 | V39: Project Architect/Designer | W39: #8A4A35
A40: SL0318 | B40: Nikita Bhatia | C40: nikita.bhatia@studiolotus.in | D40: =IFERROR(VLOOKUP(E40,Groups!$A:$I,3,FALSE()),"Unassigned") -> Ambrish Arora | E40: AMB-VARUN | F40: =IFERROR(VLOOKUP(E40,Groups!$A:$I,2,FALSE()),"Unassigned") -> Varun Srivastava Team | G40: =IFERROR(VLOOKUP(E40,Groups!$A:$I,4,FALSE()),"Direct Reports") -> Varun Srivastava | H40: =IF(OR(P40=FALSE(),P40="FALSE"),"Excluded",IF(B40=D40,"Principal",IF(B40=G40,"Team Lead","Member"))) -> Member | I40: Project Architect | J40: Varun Srivastava | K40: SL0314 | M40: Unit 1 | N40: Architecture Unit 1 | O40: Permanent | P40: =TRUE() -> TRUE | Q40: =COUNTIF(Licenses!$A:$A,C40) -> 2 | S40: 45692 | V40: Project Architect/Designer | W40: #8A4A35
A41: SL0263 | B41: Rida Drabu | C41: rida@studiolotus.in | D41: =IFERROR(VLOOKUP(E41,Groups!$A:$I,3,FALSE()),"Unassigned") -> Ambrish Arora | E41: AMB-VARUN | F41: =IFERROR(VLOOKUP(E41,Groups!$A:$I,2,FALSE()),"Unassigned") -> Varun Srivastava Team | G41: =IFERROR(VLOOKUP(E41,Groups!$A:$I,4,FALSE()),"Direct Reports") -> Varun Srivastava | H41: =IF(OR(P41=FALSE(),P41="FALSE"),"Excluded",IF(B41=D41,"Principal",IF(B41=G41,"Team Lead","Member"))) -> Member | I41: Architect | J41: Varun Srivastava | K41: SL0314 | M41: Unit 1 | N41: Architecture Unit 1 | O41: Permanent | P41: =TRUE() -> TRUE | Q41: =COUNTIF(Licenses!$A:$A,C41) -> 2 | S41: 45286 | V41: Architect/Designer | W41: #5D4156
A42: SL0289 | B42: Rushil Jain | C42: rushil.jain@studiolotus.in | D42: =IFERROR(VLOOKUP(E42,Groups!$A:$I,3,FALSE()),"Unassigned") -> Ambrish Arora | E42: AMB-VARUN | F42: =IFERROR(VLOOKUP(E42,Groups!$A:$I,2,FALSE()),"Unassigned") -> Varun Srivastava Team | G42: =IFERROR(VLOOKUP(E42,Groups!$A:$I,4,FALSE()),"Direct Reports") -> Varun Srivastava | H42: =IF(OR(P42=FALSE(),P42="FALSE"),"Excluded",IF(B42=D42,"Principal",IF(B42=G42,"Team Lead","Member"))) -> Member | I42: Architect | J42: Varun Srivastava | K42: SL0314 | M42: Unit 1 | N42: Architecture Unit 1 | O42: Permanent | P42: =TRUE() -> TRUE | Q42: =COUNTIF(Licenses!$A:$A,C42) -> 3 | S42: 45474 | V42: Architect/Designer | W42: #5D4156
A43: SL0220 | B43: Satwik Singh Rathour | C43: satwik@studiolotus.in | D43: =IFERROR(VLOOKUP(E43,Groups!$A:$I,3,FALSE()),"Unassigned") -> Ambrish Arora | E43: AMB-VARUN | F43: =IFERROR(VLOOKUP(E43,Groups!$A:$I,2,FALSE()),"Unassigned") -> Varun Srivastava Team | G43: =IFERROR(VLOOKUP(E43,Groups!$A:$I,4,FALSE()),"Direct Reports") -> Varun Srivastava | H43: =IF(OR(P43=FALSE(),P43="FALSE"),"Excluded",IF(B43=D43,"Principal",IF(B43=G43,"Team Lead","Member"))) -> Member | I43: Sr. Architect | J43: Varun Srivastava | K43: SL0314 | M43: Unit 1 | N43: Architecture Unit 1 | O43: Permanent | P43: =TRUE() -> TRUE | Q43: =COUNTIF(Licenses!$A:$A,C43) -> 3 | S43: 45082 | V43: Senior Architect/Designer | W43: #A4853D
A44: SL0204 | B44: Vivin Neelankavil | C44: vivin@studiolotus.in | D44: =IFERROR(VLOOKUP(E44,Groups!$A:$I,3,FALSE()),"Unassigned") -> Ambrish Arora | E44: AMB-VARUN | F44: =IFERROR(VLOOKUP(E44,Groups!$A:$I,2,FALSE()),"Unassigned") -> Varun Srivastava Team | G44: =IFERROR(VLOOKUP(E44,Groups!$A:$I,4,FALSE()),"Direct Reports") -> Varun Srivastava | H44: =IF(OR(P44=FALSE(),P44="FALSE"),"Excluded",IF(B44=D44,"Principal",IF(B44=G44,"Team Lead","Member"))) -> Member | I44: Sr. Architect | J44: Varun Srivastava | K44: SL0314 | M44: Unit 1 | N44: Architecture Unit 1 | O44: Permanent | P44: =TRUE() -> TRUE | Q44: =COUNTIF(Licenses!$A:$A,C44) -> 3 | S44: 44886 | V44: Senior Architect/Designer | W44: #A4853D
A45: SL0150 | B45: Yatin Tokas | C45: yatin.tokas@studiolotus.in | D45: =IFERROR(VLOOKUP(E45,Groups!$A:$I,3,FALSE()),"Unassigned") -> Ambrish Arora | E45: AMB-YATIN | F45: =IFERROR(VLOOKUP(E45,Groups!$A:$I,2,FALSE()),"Unassigned") -> Yatin Tokas Team | G45: =IFERROR(VLOOKUP(E45,Groups!$A:$I,4,FALSE()),"Direct Reports") -> Yatin Tokas | H45: =IF(OR(P45=FALSE(),P45="FALSE"),"Excluded",IF(B45=D45,"Principal",IF(B45=G45,"Team Lead","Member"))) -> Team Lead | I45: Project Lead | J45: Ambrish Arora | K45: SL0001 | M45: Unit 1 | N45: Architecture Unit 1 | O45: Permanent | P45: =TRUE() -> TRUE | Q45: =COUNTIF(Licenses!$A:$A,C45) -> 3 | S45: 44440 | V45: Group Leader | W45: #475E4A
... A48: SL0303 | B48: Jagdish Samal | C48: jagdish.samal@studiolotus.in | D48: =IFERROR(VLOOKUP(E48,Groups!$A:$I,3,FALSE()),"Unassigned") -> Ambrish Arora | E48: AMB-YATIN | F48: =IFERROR(VLOOKUP(E48,Groups!$A:$I,2,FALSE()),"Unassigned") -> Yatin Tokas Team | G48: =IFERROR(VLOOKUP(E48,Groups!$A:$I,4,FALSE()),"Direct Reports") -> Yatin Tokas | H48: =IF(OR(P48=FALSE(),P48="FALSE"),"Excluded",IF(B48=D48,"Principal",IF(B48=G48,"Team Lead","Member"))) -> Member | I48: Architect | J48: Yatin Tokas | K48: SL0150 | M48: Unit 1 | N48: Architecture Unit 1 | O48: Permanent | P48: =TRUE() -> TRUE | Q48: =COUNTIF(Licenses!$A:$A,C48) -> 1 | S48: 45544 | V48: Architect/Designer | W48: #5D4156
A49: SL0364 | B49: Karthick R | C49: karthick.r@studiolotus.in | D49: =IFERROR(VLOOKUP(E49,Groups!$A:$I,3,FALSE()),"Unassigned") -> Ambrish Arora | E49: AMB-YATIN | F49: =IFERROR(VLOOKUP(E49,Groups!$A:$I,2,FALSE()),"Unassigned") -> Yatin Tokas Team | G49: =IFERROR(VLOOKUP(E49,Groups!$A:$I,4,FALSE()),"Direct Reports") -> Yatin Tokas | H49: =IF(OR(P49=FALSE(),P49="FALSE"),"Excluded",IF(B49=D49,"Principal",IF(B49=G49,"Team Lead","Member"))) -> Member | I49: Sr. Architect | J49: Ambrish Arora | K49: SL0001 | L49: SL0150 | M49: Unit 1 | N49: Architecture Unit 1 | O49: Permanent | P49: =TRUE() -> TRUE | Q49: =COUNTIF(Licenses!$A:$A,C49) -> 2 | R49: Manually grouped under Yatin Tokas. | S49: 46132 | V49: Senior Architect/Designer | W49: #A4853D
A50: SL0288 | B50: Kashish Singh | C50: kashish.singh@studiolotus.in | D50: =IFERROR(VLOOKUP(E50,Groups!$A:$I,3,FALSE()),"Unassigned") -> Ambrish Arora | E50: AMB-YATIN | F50: =IFERROR(VLOOKUP(E50,Groups!$A:$I,2,FALSE()),"Unassigned") -> Yatin Tokas Team | G50: =IFERROR(VLOOKUP(E50,Groups!$A:$I,4,FALSE()),"Direct Reports") -> Yatin Tokas | H50: =IF(OR(P50=FALSE(),P50="FALSE"),"Excluded",IF(B50=D50,"Principal",IF(B50=G50,"Team Lead","Member"))) -> Member | I50: Architect | J50: Yatin Tokas | K50: SL0150 | M50: Unit 1 | N50: Architecture Unit 1 | O50: Permanent | P50: =TRUE() -> TRUE | Q50: =COUNTIF(Licenses!$A:$A,C50) -> 1 | S50: 45474 | V50: Architect/Designer | W50: #5D4156
A51: SL0326 | B51: Mihir Jagdishbhai Ramani | C51: mihir.ramani@studiolotus.in | D51: =IFERROR(VLOOKUP(E51,Groups!$A:$I,3,FALSE()),"Unassigned") -> Ambrish Arora | E51: AMB-YATIN | F51: =IFERROR(VLOOKUP(E51,Groups!$A:$I,2,FALSE()),"Unassigned") -> Yatin Tokas Team | G51: =IFERROR(VLOOKUP(E51,Groups!$A:$I,4,FALSE()),"Direct Reports") -> Yatin Tokas | H51: =IF(OR(P51=FALSE(),P51="FALSE"),"Excluded",IF(B51=D51,"Principal",IF(B51=G51,"Team Lead","Member"))) -> Member | I51: Architect | J51: Yatin Tokas | K51: SL0150 | M51: Unit 1 | N51: Architecture Unit 1 | O51: Permanent | P51: =TRUE() -> TRUE | Q51: =COUNTIF(Licenses!$A:$A,C51) -> 2 | S51: 45839 | V51: Architect/Designer | W51: #5D4156
A52: SL0251 | B52: Priyanka Jawa | C52: priyanka.jawa@studiolotus.in | D52: =IFERROR(VLOOKUP(E52,Groups!$A:$I,3,FALSE()),"Unassigned") -> Ambrish Arora | E52: AMB-YATIN | F52: =IFERROR(VLOOKUP(E52,Groups!$A:$I,2,FALSE()),"Unassigned") -> Yatin Tokas Team | G52: =IFERROR(VLOOKUP(E52,Groups!$A:$I,4,FALSE()),"Direct Reports") -> Yatin Tokas | H52: =IF(OR(P52=FALSE(),P52="FALSE"),"Excluded",IF(B52=D52,"Principal",IF(B52=G52,"Team Lead","Member"))) -> Member | I52: Sr. Architect | J52: Yatin Tokas | K52: SL0150 | M52: Unit 1 | N52: Architecture Unit 1 | O52: Permanent | P52: =TRUE() -> TRUE | Q52: =COUNTIF(Licenses!$A:$A,C52) -> 3 | S52: 45180 | V52: Senior Architect/Designer | W52: #A4853D
A53: 448 | B53: Vipul Sharma | C53: vipulsh1402@gmail.com | D53: =IFERROR(VLOOKUP(E53,Groups!$A:$I,3,FALSE()),"Unassigned") -> Ambrish Arora | E53: AMB-YATIN | F53: =IFERROR(VLOOKUP(E53,Groups!$A:$I,2,FALSE()),"Unassigned") -> Yatin Tokas Team | G53: =IFERROR(VLOOKUP(E53,Groups!$A:$I,4,FALSE()),"Direct Reports") -> Yatin Tokas | H53: =IF(OR(P53=FALSE(),P53="FALSE"),"Excluded",IF(B53=D53,"Principal",IF(B53=G53,"Team Lead","Member"))) -> Member | I53: Intern | J53: Yatin Tokas | K53: SL0150 | M53: Unit 1 | N53: Architecture Unit 1 | O53: Permanent | P53: =TRUE() -> TRUE | Q53: =COUNTIF(Licenses!$A:$A,C53) -> 0 | S53: 46027 | V53: Intern | W53: #97A0AB
A54: SL0351 | B54: Vishal Dubey | C54: vishal.dubey@studiolotus.in | D54: =IFERROR(VLOOKUP(E54,Groups!$A:$I,3,FALSE()),"Unassigned") -> Ambrish Arora | E54: AMB-YATIN | F54: =IFERROR(VLOOKUP(E54,Groups!$A:$I,2,FALSE()),"Unassigned") -> Yatin Tokas Team | G54: =IFERROR(VLOOKUP(E54,Groups!$A:$I,4,FALSE()),"Direct Reports") -> Yatin Tokas | H54: =IF(OR(P54=FALSE(),P54="FALSE"),"Excluded",IF(B54=D54,"Principal",IF(B54=G54,"Team Lead","Member"))) -> Member | I54: Project Architect | J54: Yatin Tokas | K54: SL0150 | M54: Unit 1 | N54: Architecture Unit 1 | O54: Permanent | P54: =TRUE() -> TRUE | Q54: =COUNTIF(Licenses!$A:$A,C54) -> 1 | S54: 46041 | V54: Project Architect/Designer | W54: #8A4A35
A55: SL0003 | B55: Ankur Choksi | C55: ankur@lotuslink.in | D55: =IFERROR(VLOOKUP(E55,Groups!$A:$I,3,FALSE()),"Unassigned") -> Ankur Choksi | E55: ANKUR-DIRECT | F55: =IFERROR(VLOOKUP(E55,Groups!$A:$I,2,FALSE()),"Unassigned") -> Direct Reports | G55: =IFERROR(VLOOKUP(E55,Groups!$A:$I,4,FALSE()),"Direct Reports") -> Ankur Choksi | H55: =IF(OR(P55=FALSE(),P55="FALSE"),"Excluded",IF(B55=D55,"Principal",IF(B55=G55,"Team Lead","Member"))) -> Principal | I55: Principal | J55: Ambrish Arora | K55: SL0001 | M55: Unit 2 | N55: Residential & Commercial ID & Arch-Unit 2 | O55: Permanent | P55: =TRUE() -> TRUE | Q55: =COUNTIF(Licenses!$A:$A,C55) -> 0 | S55: 37419 | V55: Principal | W55: #1A2332
A56: SL0278 | B56: Prashant Bharadwaj | C56: prashant.bharadwaj@studiolotus.in | D56: =IFERROR(VLOOKUP(E56,Groups!$A:$I,3,FALSE()),"Unassigned") -> Ankur Choksi | E56: ANKUR-PRASHANT | F56: =IFERROR(VLOOKUP(E56,Groups!$A:$I,2,FALSE()),"Unassigned") -> Prashant Bharadwaj Team | G56: =IFERROR(VLOOKUP(E56,Groups!$A:$I,4,FALSE()),"Direct Reports") -> Prashant Bharadwaj | H56: =IF(OR(P56=FALSE(),P56="FALSE"),"Excluded",IF(B56=D56,"Principal",IF(B56=G56,"Team Lead","Member"))) -> Team Lead | I56: Associate Principal | J56: Ankur Pradeep Choksi | K56: SL0003 | M56: Unit 2 | N56: Residential & Commercial ID & Arch-Unit 2 | O56: Permanent | P56: =TRUE() -> TRUE | Q56: =COUNTIF(Licenses!$A:$A,C56) -> 3 | S56: 45413 | V56: Associate Principal | W56: #2E4057
A57: 449 | B57: Aditi Sudheer Kari | C57: aditi3641arch22@spa.ac.in | D57: =IFERROR(VLOOKUP(E57,Groups!$A:$I,3,FALSE()),"Unassigned") -> Ankur Choksi | E57: ANKUR-PRASHANT | F57: =IFERROR(VLOOKUP(E57,Groups!$A:$I,2,FALSE()),"Unassigned") -> Prashant Bharadwaj Team | G57: =IFERROR(VLOOKUP(E57,Groups!$A:$I,4,FALSE()),"Direct Reports") -> Prashant Bharadwaj | H57: =IF(OR(P57=FALSE(),P57="FALSE"),"Excluded",IF(B57=D57,"Principal",IF(B57=G57,"Team Lead","Member"))) -> Member | I57: Intern | J57: Prashant Bharadwaj | K57: SL0278 | M57: Unit 2 | N57: Residential & Commercial ID & Arch-Unit 2 | O57: Intern | P57: =TRUE() -> TRUE | Q57: =COUNTIF(Licenses!$A:$A,C57) -> 0 | S57: 46035 | V57: Intern | W57: #97A0AB
A58: SL0328 | B58: Aditya Pandoh | C58: aditya.pandoh@studiolotus.in | D58: =IFERROR(VLOOKUP(E58,Groups!$A:$I,3,FALSE()),"Unassigned") -> Ankur Choksi | E58: ANKUR-PRASHANT | F58: =IFERROR(VLOOKUP(E58,Groups!$A:$I,2,FALSE()),"Unassigned") -> Prashant Bharadwaj Team | G58: =IFERROR(VLOOKUP(E58,Groups!$A:$I,4,FALSE()),"Direct Reports") -> Prashant Bharadwaj | H58: =IF(OR(P58=FALSE(),P58="FALSE"),"Excluded",IF(B58=D58,"Principal",IF(B58=G58,"Team Lead","Member"))) -> Member | I58: Designer | J58: Prashant Bharadwaj | K58: SL0278 | M58: Unit 2 | N58: Residential & Commercial ID & Arch-Unit 2 | O58: Permanent | P58: =TRUE() -> TRUE | Q58: =COUNTIF(Licenses!$A:$A,C58) -> 3 | S58: 45845 | V58: Architect/Designer | W58: #5D4156
A59: SL0315 | B59: Anisha Khandelwal | C59: anisha.khandelwal@studiolotus.in | D59: =IFERROR(VLOOKUP(E59,Groups!$A:$I,3,FALSE()),"Unassigned") -> Ankur Choksi | E59: ANKUR-PRASHANT | F59: =IFERROR(VLOOKUP(E59,Groups!$A:$I,2,FALSE()),"Unassigned") -> Prashant Bharadwaj Team | G59: =IFERROR(VLOOKUP(E59,Groups!$A:$I,4,FALSE()),"Direct Reports") -> Prashant Bharadwaj | H59: =IF(OR(P59=FALSE(),P59="FALSE"),"Excluded",IF(B59=D59,"Principal",IF(B59=G59,"Team Lead","Member"))) -> Member | I59: Sr. Architect | J59: Prashant Bharadwaj | K59: SL0278 | M59: Unit 2 | N59: Residential & Commercial ID & Arch-Unit 2 | O59: Permanent | P59: =TRUE() -> TRUE | Q59: =COUNTIF(Licenses!$A:$A,C59) -> 2 | S59: 45677 | V59: Senior Architect/Designer | W59: #A4853D
A60: SL0232 | B60: Ankeeta Champatiray | C60: ankeeta@studiolotus.in | D60: =IFERROR(VLOOKUP(E60,Groups!$A:$I,3,FALSE()),"Unassigned") -> Ankur Choksi | E60: ANKUR-PRASHANT | F60: =IFERROR(VLOOKUP(E60,Groups!$A:$I,2,FALSE()),"Unassigned") -> Prashant Bharadwaj Team | G60: =IFERROR(VLOOKUP(E60,Groups!$A:$I,4,FALSE()),"Direct Reports") -> Prashant Bharadwaj | H60: =IF(OR(P60=FALSE(),P60="FALSE"),"Excluded",IF(B60=D60,"Principal",IF(B60=G60,"Team Lead","Member"))) -> Member | I60: Sr. Architect | J60: Prashant Bharadwaj | K60: SL0278 | M60: Unit 2 | N60: Residential & Commercial ID & Arch-Unit 2 | O60: Permanent | P60: =TRUE() -> TRUE | Q60: =COUNTIF(Licenses!$A:$A,C60) -> 2 | S60: 45103 | V60: Senior Architect/Designer | W60: #A4853D
A61: SL0365 | B61: Deeptha Madan Gopal | C61: deeptha.mg@studiolotus.in | D61: =IFERROR(VLOOKUP(E61,Groups!$A:$I,3,FALSE()),"Unassigned") -> Ankur Choksi | E61: ANKUR-PRASHANT | F61: =IFERROR(VLOOKUP(E61,Groups!$A:$I,2,FALSE()),"Unassigned") -> Prashant Bharadwaj Team | G61: =IFERROR(VLOOKUP(E61,Groups!$A:$I,4,FALSE()),"Direct Reports") -> Prashant Bharadwaj | H61: =IF(OR(P61=FALSE(),P61="FALSE"),"Excluded",IF(B61=D61,"Principal",IF(B61=G61,"Team Lead","Member"))) -> Member | I61: Architect | J61: Prashant Bharadwaj | K61: SL0278 | M61: Unit 2 | N61: Residential & Commercial ID & Arch-Unit 2 | O61: Permanent | P61: =TRUE() -> TRUE | Q61: =COUNTIF(Licenses!$A:$A,C61) -> 1 | S61: 46147 | V61: Architect/Designer | W61: #5D4156
... A87: SL0155 | B87: Vartika Sood | C87: vartika.sood@studiolotus.in | D87: =IFERROR(VLOOKUP(E87,Groups!$A:$I,3,FALSE()),"Unassigned") -> Asha Sairam | E87: ASHA-INSIYA | F87: =IFERROR(VLOOKUP(E87,Groups!$A:$I,2,FALSE()),"Unassigned") -> Insiya Pithawala Team | G87: =IFERROR(VLOOKUP(E87,Groups!$A:$I,4,FALSE()),"Direct Reports") -> Insiya Pithawala | H87: =IF(OR(P87=FALSE(),P87="FALSE"),"Excluded",IF(B87=D87,"Principal",IF(B87=G87,"Team Lead","Member"))) -> Member | I87: Sr. Designer | J87: Insiya Pithawala | K87: SL0075 | M87: Unit 3 | N87: Interior Design Unit 3 | O87: Permanent | P87: =TRUE() -> TRUE | Q87: =COUNTIF(Licenses!$A:$A,C87) -> 4 | S87: 44480 | V87: Senior Architect/Designer | W87: #A4853D
A88: SL0016 | B88: Neelam Das | C88: neelam@studiolotus.in | D88: =IFERROR(VLOOKUP(E88,Groups!$A:$I,3,FALSE()),"Unassigned") -> Asha Sairam | E88: ASHA-NEELAM | F88: =IFERROR(VLOOKUP(E88,Groups!$A:$I,2,FALSE()),"Unassigned") -> Neelam Das Team | G88: =IFERROR(VLOOKUP(E88,Groups!$A:$I,4,FALSE()),"Direct Reports") -> Neelam Das | H88: =IF(OR(P88=FALSE(),P88="FALSE"),"Excluded",IF(B88=D88,"Principal",IF(B88=G88,"Team Lead","Member"))) -> Team Lead | I88: Associate Principal | J88: Asha Sairam | K88: SL0005 | M88: Unit 3 | N88: Interior Design Unit 3 | O88: Permanent | P88: =TRUE() -> TRUE | Q88: =COUNTIF(Licenses!$A:$A,C88) -> 5 | R88: Always under Asha Sairam; not treated as a principal. | S88: 42506 | V88: Associate Principal | W88: #2E4057
A89: SL0271 | B89: Abdul Kalam | C89: abdul@studiolotus.in | D89: =IFERROR(VLOOKUP(E89,Groups!$A:$I,3,FALSE()),"Unassigned") -> Asha Sairam | E89: ASHA-NEELAM | F89: =IFERROR(VLOOKUP(E89,Groups!$A:$I,2,FALSE()),"Unassigned") -> Neelam Das Team | G89: =IFERROR(VLOOKUP(E89,Groups!$A:$I,4,FALSE()),"Direct Reports") -> Neelam Das | H89: =IF(OR(P89=FALSE(),P89="FALSE"),"Excluded",IF(B89=D89,"Principal",IF(B89=G89,"Team Lead","Member"))) -> Member | I89: Project Designer | J89: Neelam Das | K89: SL0016 | M89: Unit 3 | N89: Interior Design Unit 3 | O89: Permanent | P89: =TRUE() -> TRUE | Q89: =COUNTIF(Licenses!$A:$A,C89) -> 3 | S89: 45355 | V89: Project Architect/Designer | W89: #8A4A35
A90: SL0361 | B90: Abhijeet Roy | C90: abhijeet.roy@studiolotus.in | D90: =IFERROR(VLOOKUP(E90,Groups!$A:$I,3,FALSE()),"Unassigned") -> Asha Sairam | E90: ASHA-NEELAM | F90: =IFERROR(VLOOKUP(E90,Groups!$A:$I,2,FALSE()),"Unassigned") -> Neelam Das Team | G90: =IFERROR(VLOOKUP(E90,Groups!$A:$I,4,FALSE()),"Direct Reports") -> Neelam Das | H90: =IF(OR(P90=FALSE(),P90="FALSE"),"Excluded",IF(B90=D90,"Principal",IF(B90=G90,"Team Lead","Member"))) -> Member | I90: Sr. Designer | J90: Neelam Das | K90: SL0016 | M90: Unit 3 | N90: Interior Design Unit 3 | O90: Permanent | P90: =TRUE() -> TRUE | Q90: =COUNTIF(Licenses!$A:$A,C90) -> 2 | S90: 46097 | V90: Senior Architect/Designer | W90: #A4853D
A91: SL0346 | B91: Akshita Kalia | C91: akshita.kalia@studiolotus.in | D91: =IFERROR(VLOOKUP(E91,Groups!$A:$I,3,FALSE()),"Unassigned") -> Asha Sairam | E91: ASHA-NEELAM | F91: =IFERROR(VLOOKUP(E91,Groups!$A:$I,2,FALSE()),"Unassigned") -> Neelam Das Team | G91: =IFERROR(VLOOKUP(E91,Groups!$A:$I,4,FALSE()),"Direct Reports") -> Neelam Das | H91: =IF(OR(P91=FALSE(),P91="FALSE"),"Excluded",IF(B91=D91,"Principal",IF(B91=G91,"Team Lead","Member"))) -> Member | I91: Designer | J91: Neelam Das | K91: SL0016 | M91: Unit 3 | N91: Interior Design Unit 3 | O91: Permanent | P91: =TRUE() -> TRUE | Q91: =COUNTIF(Licenses!$A:$A,C91) -> 1 | S91: 46001 | V91: Architect/Designer | W91: #5D4156
A92: SL0294 | B92: Amrapali Patra | C92: amrapali@studiolotus.in | D92: =IFERROR(VLOOKUP(E92,Groups!$A:$I,3,FALSE()),"Unassigned") -> Asha Sairam | E92: ASHA-NEELAM | F92: =IFERROR(VLOOKUP(E92,Groups!$A:$I,2,FALSE()),"Unassigned") -> Neelam Das Team | G92: =IFERROR(VLOOKUP(E92,Groups!$A:$I,4,FALSE()),"Direct Reports") -> Neelam Das | H92: =IF(OR(P92=FALSE(),P92="FALSE"),"Excluded",IF(B92=D92,"Principal",IF(B92=G92,"Team Lead","Member"))) -> Member | I92: Architect | J92: Neelam Das | K92: SL0016 | M92: Unit 3 | N92: Interior Design Unit 3 | O92: Permanent | P92: =TRUE() -> TRUE | Q92: =COUNTIF(Licenses!$A:$A,C92) -> 4 | S92: 45509 | V92: Architect/Designer | W92: #5D4156
A93: SL0360 | B93: Ananya Bhardwaj | C93: ananya.bhardwaj@studiolotus.in | D93: =IFERROR(VLOOKUP(E93,Groups!$A:$I,3,FALSE()),"Unassigned") -> Asha Sairam | E93: ASHA-NEELAM | F93: =IFERROR(VLOOKUP(E93,Groups!$A:$I,2,FALSE()),"Unassigned") -> Neelam Das Team | G93: =IFERROR(VLOOKUP(E93,Groups!$A:$I,4,FALSE()),"Direct Reports") -> Neelam Das | H93: =IF(OR(P93=FALSE(),P93="FALSE"),"Excluded",IF(B93=D93,"Principal",IF(B93=G93,"Team Lead","Member"))) -> Member | I93: Designer | J93: Neelam Das | K93: SL0016 | M93: Unit 3 | N93: Interior Design Unit 3 | O93: Permanent | P93: =TRUE() -> TRUE | Q93: =COUNTIF(Licenses!$A:$A,C93) -> 1 | S93: 46097 | V93: Architect/Designer | W93: #5D4156
A94: 450 | B94: Anushka Jindal | C94: anushkajindal2004@gmail.com | D94: =IFERROR(VLOOKUP(E94,Groups!$A:$I,3,FALSE()),"Unassigned") -> Asha Sairam | E94: ASHA-NEELAM | F94: =IFERROR(VLOOKUP(E94,Groups!$A:$I,2,FALSE()),"Unassigned") -> Neelam Das Team | G94: =IFERROR(VLOOKUP(E94,Groups!$A:$I,4,FALSE()),"Direct Reports") -> Neelam Das | H94: =IF(OR(P94=FALSE(),P94="FALSE"),"Excluded",IF(B94=D94,"Principal",IF(B94=G94,"Team Lead","Member"))) -> Member | I94: Intern | J94: Neelam Das | K94: SL0016 | M94: Unit 3 | N94: Interior Design Unit 3 | O94: Intern | P94: =TRUE() -> TRUE | Q94: =COUNTIF(Licenses!$A:$A,C94) -> 0 | S94: 46035 | V94: Intern | W94: #97A0AB
A95: SL0195 | B95: Huda Ateeque | C95: huda@studiolotus.in | D95: =IFERROR(VLOOKUP(E95,Groups!$A:$I,3,FALSE()),"Unassigned") -> Asha Sairam | E95: ASHA-NEELAM | F95: =IFERROR(VLOOKUP(E95,Groups!$A:$I,2,FALSE()),"Unassigned") -> Neelam Das Team | G95: =IFERROR(VLOOKUP(E95,Groups!$A:$I,4,FALSE()),"Direct Reports") -> Neelam Das | H95: =IF(OR(P95=FALSE(),P95="FALSE"),"Excluded",IF(B95=D95,"Principal",IF(B95=G95,"Team Lead","Member"))) -> Member | I95: Project Designer | J95: Neelam Das | K95: SL0016 | M95: Unit 3 | N95: Interior Design Unit 3 | O95: Permanent | P95: =TRUE() -> TRUE | Q95: =COUNTIF(Licenses!$A:$A,C95) -> 1 | S95: 44809 | V95: Project Architect/Designer | W95: #8A4A35
A96: SL0354 | B96: Kadambari Kumar | C96: kadambari@studiolotus.in | D96: =IFERROR(VLOOKUP(E96,Groups!$A:$I,3,FALSE()),"Unassigned") -> Asha Sairam | E96: ASHA-NEELAM | F96: =IFERROR(VLOOKUP(E96,Groups!$A:$I,2,FALSE()),"Unassigned") -> Neelam Das Team | G96: =IFERROR(VLOOKUP(E96,Groups!$A:$I,4,FALSE()),"Direct Reports") -> Neelam Das | H96: =IF(OR(P96=FALSE(),P96="FALSE"),"Excluded",IF(B96=D96,"Principal",IF(B96=G96,"Team Lead","Member"))) -> Member | I96: Project Designer | J96: Neelam Das | K96: SL0016 | M96: Unit 3 | N96: Interior Design Unit 3 | O96: Permanent | P96: =TRUE() -> TRUE | Q96: =COUNTIF(Licenses!$A:$A,C96) -> 1 | S96: 46055 | V96: Project Architect/Designer | W96: #8A4A35
A97: 447 | B97: Kimaya Shashank Kamat | C97: kimaya.kamat@studiolotus.in | D97: =IFERROR(VLOOKUP(E97,Groups!$A:$I,3,FALSE()),"Unassigned") -> Asha Sairam | E97: ASHA-NEELAM | F97: =IFERROR(VLOOKUP(E97,Groups!$A:$I,2,FALSE()),"Unassigned") -> Neelam Das Team | G97: =IFERROR(VLOOKUP(E97,Groups!$A:$I,4,FALSE()),"Direct Reports") -> Neelam Das | H97: =IF(OR(P97=FALSE(),P97="FALSE"),"Excluded",IF(B97=D97,"Principal",IF(B97=G97,"Team Lead","Member"))) -> Member | I97: Intern | J97: Neelam Das | K97: SL0016 | M97: Unit 3 | N97: Interior Design Unit 3 | O97: Intern | P97: =TRUE() -> TRUE | Q97: =COUNTIF(Licenses!$A:$A,C97) -> 1 | S97: 46013 | V97: Intern | W97: #97A0AB
A98: SL0335 | B98: Krishna Mandviwala | C98: krishna.mandviwala@studiolotus.in | D98: =IFERROR(VLOOKUP(E98,Groups!$A:$I,3,FALSE()),"Unassigned") -> Asha Sairam | E98: ASHA-NEELAM | F98: =IFERROR(VLOOKUP(E98,Groups!$A:$I,2,FALSE()),"Unassigned") -> Neelam Das Team | G98: =IFERROR(VLOOKUP(E98,Groups!$A:$I,4,FALSE()),"Direct Reports") -> Neelam Das | H98: =IF(OR(P98=FALSE(),P98="FALSE"),"Excluded",IF(B98=D98,"Principal",IF(B98=G98,"Team Lead","Member"))) -> Member | I98: Designer | J98: Neelam Das | K98: SL0016 | M98: Unit 3 | N98: Interior Design Unit 3 | O98: Permanent | P98: =TRUE() -> TRUE | Q98: =COUNTIF(Licenses!$A:$A,C98) -> 4 | S98: 45887 | V98: Architect/Designer | W98: #5D4156
A99: SL0334 | B99: Neha Keshri | C99: neha.keshri@studiolotus.in | D99: =IFERROR(VLOOKUP(E99,Groups!$A:$I,3,FALSE()),"Unassigned") -> Asha Sairam | E99: ASHA-NEELAM | F99: =IFERROR(VLOOKUP(E99,Groups!$A:$I,2,FALSE()),"Unassigned") -> Neelam Das Team | G99: =IFERROR(VLOOKUP(E99,Groups!$A:$I,4,FALSE()),"Direct Reports") -> Neelam Das | H99: =IF(OR(P99=FALSE(),P99="FALSE"),"Excluded",IF(B99=D99,"Principal",IF(B99=G99,"Team Lead","Member"))) -> Member | I99: Designer | J99: Neelam Das | K99: SL0016 | M99: Unit 3 | N99: Interior Design Unit 3 | O99: Permanent | P99: =TRUE() -> TRUE | Q99: =COUNTIF(Licenses!$A:$A,C99) -> 2 | S99: 45876 | V99: Architect/Designer | W99: #5D4156
A100: SL0322 | B100: Shailen Sharma | C100: shailen.sharma@studiolotus.in | D100: =IFERROR(VLOOKUP(E100,Groups!$A:$I,3,FALSE()),"Unassigned") -> Asha Sairam | E100: ASHA-NEELAM | F100: =IFERROR(VLOOKUP(E100,Groups!$A:$I,2,FALSE()),"Unassigned") -> Neelam Das Team | G100: =IFERROR(VLOOKUP(E100,Groups!$A:$I,4,FALSE()),"Direct Reports") -> Neelam Das | H100: =IF(OR(P100=FALSE(),P100="FALSE"),"Excluded",IF(B100=D100,"Principal",IF(B100=G100,"Team Lead","Member"))) -> Member | I100: Designer | J100: Neelam Das | K100: SL0016 | M100: Unit 3 | N100: Interior Design Unit 3 | O100: Permanent | P100: =TRUE() -> TRUE | Q100: =COUNTIF(Licenses!$A:$A,C100) -> 2 | S100: 45726 | V100: Architect/Designer | W100: #5D4156
... A105: SL0341 | B105: Sheetal Vishwakarma | C105: sheetal@studiolotus.in | D105: =IFERROR(VLOOKUP(E105,Groups!$A:$I,3,FALSE()),"Unassigned") -> Asha Sairam | E105: ASHA-RANDHIR | F105: =IFERROR(VLOOKUP(E105,Groups!$A:$I,2,FALSE()),"Unassigned") -> Randhir Kumar Team | G105: =IFERROR(VLOOKUP(E105,Groups!$A:$I,4,FALSE()),"Direct Reports") -> Randhir Kumar | H105: =IF(OR(P105=FALSE(),P105="FALSE"),"Excluded",IF(B105=D105,"Principal",IF(B105=G105,"Team Lead","Member"))) -> Member | I105: Sr. Designer | J105: Randhir Kumar | K105: SL0353 | M105: Unit 4 | N105: Interior Design Unit 4 | O105: Permanent | P105: =TRUE() -> TRUE | Q105: =COUNTIF(Licenses!$A:$A,C105) -> 2 | S105: 45943 | V105: Senior Architect/Designer | W105: #A4853D
D106: =IFERROR(VLOOKUP(E106,Groups!$A:$I,3,FALSE()),"Unassigned") -> Unassigned | F106: =IFERROR(VLOOKUP(E106,Groups!$A:$I,2,FALSE()),"Unassigned") -> Unassigned | G106: =IFERROR(VLOOKUP(E106,Groups!$A:$I,4,FALSE()),"Direct Reports") -> Direct Reports | H106: =IF(OR(P106=FALSE(),P106="FALSE"),"Excluded",IF(B106=D106,"Principal",IF(B106=G106,"Team Lead","Member"))) -> Excluded | P106: =FALSE() -> FALSE | Q106: =COUNTIF(Licenses!$A:$A,C106) -> 0 | V106: Support | W106: #707A87
D107: =IFERROR(VLOOKUP(E107,Groups!$A:$I,3,FALSE()),"Unassigned") -> Unassigned | F107: =IFERROR(VLOOKUP(E107,Groups!$A:$I,2,FALSE()),"Unassigned") -> Unassigned | G107: =IFERROR(VLOOKUP(E107,Groups!$A:$I,4,FALSE()),"Direct Reports") -> Direct Reports | H107: =IF(OR(P107=FALSE(),P107="FALSE"),"Excluded",IF(B107=D107,"Principal",IF(B107=G107,"Team Lead","Member"))) -> Excluded | P107: =FALSE() -> FALSE | Q107: =COUNTIF(Licenses!$A:$A,C107) -> 0 | V107: Support | W107: #707A87
D108: =IFERROR(VLOOKUP(E108,Groups!$A:$I,3,FALSE()),"Unassigned") -> Unassigned | F108: =IFERROR(VLOOKUP(E108,Groups!$A:$I,2,FALSE()),"Unassigned") -> Unassigned | G108: =IFERROR(VLOOKUP(E108,Groups!$A:$I,4,FALSE()),"Direct Reports") -> Direct Reports | H108: =IF(OR(P108=FALSE(),P108="FALSE"),"Excluded",IF(B108=D108,"Principal",IF(B108=G108,"Team Lead","Member"))) -> Excluded | P108: =FALSE() -> FALSE | Q108: =COUNTIF(Licenses!$A:$A,C108) -> 0 | V108: Support | W108: #707A87
D109: =IFERROR(VLOOKUP(E109,Groups!$A:$I,3,FALSE()),"Unassigned") -> Unassigned | F109: =IFERROR(VLOOKUP(E109,Groups!$A:$I,2,FALSE()),"Unassigned") -> Unassigned | G109: =IFERROR(VLOOKUP(E109,Groups!$A:$I,4,FALSE()),"Direct Reports") -> Direct Reports | H109: =IF(OR(P109=FALSE(),P109="FALSE"),"Excluded",IF(B109=D109,"Principal",IF(B109=G109,"Team Lead","Member"))) -> Excluded | P109: =FALSE() -> FALSE | Q109: =COUNTIF(Licenses!$A:$A,C109) -> 0 | V109: Support | W109: #707A87
D110: =IFERROR(VLOOKUP(E110,Groups!$A:$I,3,FALSE()),"Unassigned") -> Unassigned | F110: =IFERROR(VLOOKUP(E110,Groups!$A:$I,2,FALSE()),"Unassigned") -> Unassigned | G110: =IFERROR(VLOOKUP(E110,Groups!$A:$I,4,FALSE()),"Direct Reports") -> Direct Reports | H110: =IF(OR(P110=FALSE(),P110="FALSE"),"Excluded",IF(B110=D110,"Principal",IF(B110=G110,"Team Lead","Member"))) -> Excluded | P110: =FALSE() -> FALSE | Q110: =COUNTIF(Licenses!$A:$A,C110) -> 0 | V110: Support | W110: #707A87
D111: =IFERROR(VLOOKUP(E111,Groups!$A:$I,3,FALSE()),"Unassigned") -> Unassigned | F111: =IFERROR(VLOOKUP(E111,Groups!$A:$I,2,FALSE()),"Unassigned") -> Unassigned | G111: =IFERROR(VLOOKUP(E111,Groups!$A:$I,4,FALSE()),"Direct Reports") -> Direct Reports | H111: =IF(OR(P111=FALSE(),P111="FALSE"),"Excluded",IF(B111=D111,"Principal",IF(B111=G111,"Team Lead","Member"))) -> Excluded | P111: =FALSE() -> FALSE | Q111: =COUNTIF(Licenses!$A:$A,C111) -> 0 | V111: Support | W111: #707A87
D112: =IFERROR(VLOOKUP(E112,Groups!$A:$I,3,FALSE()),"Unassigned") -> Unassigned | F112: =IFERROR(VLOOKUP(E112,Groups!$A:$I,2,FALSE()),"Unassigned") -> Unassigned | G112: =IFERROR(VLOOKUP(E112,Groups!$A:$I,4,FALSE()),"Direct Reports") -> Direct Reports | H112: =IF(OR(P112=FALSE(),P112="FALSE"),"Excluded",IF(B112=D112,"Principal",IF(B112=G112,"Team Lead","Member"))) -> Excluded | P112: =FALSE() -> FALSE | Q112: =COUNTIF(Licenses!$A:$A,C112) -> 0 | V112: Support | W112: #707A87
D113: =IFERROR(VLOOKUP(E113,Groups!$A:$I,3,FALSE()),"Unassigned") -> Unassigned | F113: =IFERROR(VLOOKUP(E113,Groups!$A:$I,2,FALSE()),"Unassigned") -> Unassigned | G113: =IFERROR(VLOOKUP(E113,Groups!$A:$I,4,FALSE()),"Direct Reports") -> Direct Reports | H113: =IF(OR(P113=FALSE(),P113="FALSE"),"Excluded",IF(B113=D113,"Principal",IF(B113=G113,"Team Lead","Member"))) -> Excluded | P113: =FALSE() -> FALSE | Q113: =COUNTIF(Licenses!$A:$A,C113) -> 0 | V113: Support | W113: #707A87
D114: =IFERROR(VLOOKUP(E114,Groups!$A:$I,3,FALSE()),"Unassigned") -> Unassigned | F114: =IFERROR(VLOOKUP(E114,Groups!$A:$I,2,FALSE()),"Unassigned") -> Unassigned | G114: =IFERROR(VLOOKUP(E114,Groups!$A:$I,4,FALSE()),"Direct Reports") -> Direct Reports | H114: =IF(OR(P114=FALSE(),P114="FALSE"),"Excluded",IF(B114=D114,"Principal",IF(B114=G114,"Team Lead","Member"))) -> Excluded | P114: =FALSE() -> FALSE | Q114: =COUNTIF(Licenses!$A:$A,C114) -> 0 | V114: Support | W114: #707A87
D115: =IFERROR(VLOOKUP(E115,Groups!$A:$I,3,FALSE()),"Unassigned") -> Unassigned | F115: =IFERROR(VLOOKUP(E115,Groups!$A:$I,2,FALSE()),"Unassigned") -> Unassigned | G115: =IFERROR(VLOOKUP(E115,Groups!$A:$I,4,FALSE()),"Direct Reports") -> Direct Reports | H115: =IF(OR(P115=FALSE(),P115="FALSE"),"Excluded",IF(B115=D115,"Principal",IF(B115=G115,"Team Lead","Member"))) -> Excluded | P115: =FALSE() -> FALSE | Q115: =COUNTIF(Licenses!$A:$A,C115) -> 0 | V115: Support | W115: #707A87
D116: =IFERROR(VLOOKUP(E116,Groups!$A:$I,3,FALSE()),"Unassigned") -> Unassigned | F116: =IFERROR(VLOOKUP(E116,Groups!$A:$I,2,FALSE()),"Unassigned") -> Unassigned | G116: =IFERROR(VLOOKUP(E116,Groups!$A:$I,4,FALSE()),"Direct Reports") -> Direct Reports | H116: =IF(OR(P116=FALSE(),P116="FALSE"),"Excluded",IF(B116=D116,"Principal",IF(B116=G116,"Team Lead","Member"))) -> Excluded | P116: =FALSE() -> FALSE | Q116: =COUNTIF(Licenses!$A:$A,C116) -> 0 | V116: Support | W116: #707A87
D117: =IFERROR(VLOOKUP(E117,Groups!$A:$I,3,FALSE()),"Unassigned") -> Unassigned | F117: =IFERROR(VLOOKUP(E117,Groups!$A:$I,2,FALSE()),"Unassigned") -> Unassigned | G117: =IFERROR(VLOOKUP(E117,Groups!$A:$I,4,FALSE()),"Direct Reports") -> Direct Reports | H117: =IF(OR(P117=FALSE(),P117="FALSE"),"Excluded",IF(B117=D117,"Principal",IF(B117=G117,"Team Lead","Member"))) -> Excluded | P117: =FALSE() -> FALSE | Q117: =COUNTIF(Licenses!$A:$A,C117) -> 0 | V117: Support | W117: #707A87
... D300: =IFERROR(VLOOKUP(E300,Groups!$A:$I,3,FALSE()),"Unassigned") -> Unassigned | F300: =IFERROR(VLOOKUP(E300,Groups!$A:$I,2,FALSE()),"Unassigned") -> Unassigned | G300: =IFERROR(VLOOKUP(E300,Groups!$A:$I,4,FALSE()),"Direct Reports") -> Direct Reports | H300: =IF(OR(P300=FALSE(),P300="FALSE"),"Excluded",IF(B300=D300,"Principal",IF(B300=G300,"Team Lead","Member"))) -> Excluded | P300: =FALSE() -> FALSE | Q300: =COUNTIF(Licenses!$A:$A,C300) -> 0 | V300: Support | W300: #707A87

Sheet Shared_Accounts
A1: Email | B1: Display Name | C1: Type | D1: Notes
A2: sm@studiolotus.in | B2: Studio Lotus (shared) | C2: Shared Account | D2: Common Adobe account — no individual owner
A3: principal@tacdesign.onmicrosoft.com | B3: Principal Room | C3: Meeting Room | D3: Office License
A4: kishan@studiolotus.in | B4: Kishan Sirohi | C4: Service Account | D4: Consultant

Sheet Licenses
A1: Work Email | B1: License / Tool | C1: Plan / People | D1: Status | E1: Assigned On | F1: Renewal / End Date | G1: Cost Centre / Team | H1: Notes | I1: Smart License Key
A2: atharv@studiolotus.in | B2: 3ds Max | C2: Autodesk single-user | D2: License Assigned | F2: 46270 | G2: Amita Goel Team | H2: nan
A3: rajendra@studiolotus.in | B3: Adobe Acrobat | C3: Single User | D3: License Assigned | F3: 46732
A4: neelam@studiolotus.in | B4: Adobe Acrobat | C4: Single User | D4: License Assigned | F4: 46732
A5: nirmal@studiolotus.in | B5: Adobe Acrobat | C5: Single User | D5: License Assigned | F5: 46732
A6: asmita.bharati@studiolotus.in | B6: Adobe Illustrator | C6: Single User | D6: License Assigned | F6: 46732
A7: neelam@studiolotus.in | B7: Adobe Illustrator | C7: Single User | D7: License Assigned | F7: 46732
A8: amrapali@studiolotus.in | B8: Adobe Illustrator | C8: Single User | D8: License Assigned | F8: 46732
A9: sm@studiolotus.in | B9: Adobe Illustrator | C9: Single User | D9: License Assigned | F9: 46732
A10: asmita.bharati@studiolotus.in | B10: Adobe InDesign | C10: Single User | D10: License Assigned | F10: 46732
A11: asmita.bharati@studiolotus.in | B11: Adobe Photoshop | C11: Single User | D11: License Assigned | F11: 46732
A12: vartika.sood@studiolotus.in | B12: Adobe Photoshop | C12: Single User | D12: License Assigned | F12: 46732
A13: prajwal@studiolotus.in | B13: Adobe Photoshop | C13: Single User | D13: License Assigned | F13: 46732
A14: rushil.jain@studiolotus.in | B14: Adobe Photoshop | C14: Single User | D14: License Assigned | F14: 46732
... A114: yatin.tokas@studiolotus.in | B114: AutoCAD LT | C114: Single User | D114: License Assigned | F114: 46378
A115: unassigned-autocad-dec26-1@studiolotus.in | B115: AutoCAD LT | C115: Single User | D115: Available | F115: 46378 | H115: New licence - assign to user
A116: unassigned-autocad-dec26-2@studiolotus.in | B116: AutoCAD LT | C116: Single User | D116: Available | F116: 46378 | H116: New licence - assign to user
A117: unassigned-autocad-dec26-3@studiolotus.in | B117: AutoCAD LT | C117: Single User | D117: Available | F117: 46378 | H117: New licence - assign to user
A118: unassigned-autocad-dec26-4@studiolotus.in | B118: AutoCAD LT | C118: Single User | D118: Available | F118: 46378 | H118: New licence - assign to user
A119: unassigned-autocad-dec26-5@studiolotus.in | B119: AutoCAD LT | C119: Single User | D119: Available | F119: 46378 | H119: New licence - assign to user
A120: unassigned-autocad-dec26-6@studiolotus.in | B120: AutoCAD LT | C120: Single User | D120: Available | F120: 46378 | H120: New licence - assign to user
A121: atharv@studiolotus.in | B121: Corona | C121: Single User | D121: License Assigned | F121: 46213
A122: anshika@studiolotus.in | B122: Enscape | C122: Single User | D122: License Assigned | F122: 46471
A123: nikita.bhatia@studiolotus.in | B123: Enscape | C123: Single User | D123: License Assigned | F123: 46471
A124: isha.agrawal@studiolotus.in | B124: Enscape | C124: Single User | D124: License Assigned | F124: 46471
A125: siya.suri@studiolotus.in | B125: Enscape | C125: Single User | D125: License Assigned | F125: 46471
A126: reetika.singh@studiolotus.in | B126: Enscape | C126: Single User | D126: License Assigned | F126: 46415
A127: krishna.mandviwala@studiolotus.in | B127: Enscape | C127: Single User | D127: License Assigned | F127: 46435
A128: amita@studiolotus.in | B128: Microsoft 365 Business Standard | C128: Single User | D128: License Assigned | F128: 46357 | H128: UPN: amita@tacdesign.onmicrosoft.com
A129: devdutt.kumar@studiolotus.in | B129: Microsoft 365 Business Standard | C129: Single User | D129: License Assigned | F129: 46357 | H129: UPN: dev@tacdesign.onmicrosoft.com
A130: prashant.bharadwaj@studiolotus.in | B130: Microsoft 365 Business Standard | C130: Single User | D130: License Assigned | F130: 46357 | H130: UPN: prashant@tacdesign.onmicrosoft.com
A131: rajendra@studiolotus.in | B131: Microsoft 365 Business Standard | C131: Single User | D131: License Assigned | F131: 46357 | H131: UPN: rajendra@tacdesign.onmicrosoft.com
A132: tanvi@studiolotus.in | B132: Microsoft 365 Business Standard | C132: Single User | D132: License Assigned | F132: 46357 | H132: UPN: tanvi@tacdesign.onmicrosoft.com
A133: asha@studiolotus.in | B133: Microsoft 365 Business Standard | C133: Single User | D133: License Assigned | F133: 46357 | H133: UPN: asha@tacdesign.onmicrosoft.com
A134: asmita.bharati@studiolotus.in | B134: Microsoft 365 Business Standard | C134: Single User | D134: License Assigned | F134: 46357 | H134: UPN: bdteam@tacdesign.onmicrosoft.com
B135: Microsoft 365 Business Standard | C135: Single User | D135: License Assigned | F135: 46357 | H135: UPN: lap05@tacdesign.onmicrosoft.com
A136: neelam@studiolotus.in | B136: Microsoft 365 Business Standard | C136: Single User | D136: License Assigned | F136: 46357 | H136: UPN: neelam@tacdesign.onmicrosoft.com
A137: varun.srivastava@studiolotus.in | B137: Microsoft 365 Business Standard | C137: Single User | D137: License Assigned | F137: 46357 | H137: UPN: varun@tacdesign.onmicrosoft.com
A138: aditi.agashe@studiolotus.in | B138: Microsoft 365 Business Standard (no teams) | C138: Single User | D138: License Assigned | F138: 46357 | H138: UPN: lds38@tacdesign.onmicrosoft.com
A139: aditi.panwar@studiolotus.in | B139: Microsoft 365 Business Standard (no teams) | C139: Single User | D139: License Assigned | F139: 46357 | H139: UPN: lds20@tacdesign.onmicrosoft.com
A140: aditya.pandoh@studiolotus.in | B140: Microsoft 365 Business Standard (no teams) | C140: Single User | D140: License Assigned | F140: 46357 | H140: UPN: lds51@tacdesign.onmicrosoft.com
A141: anisha.khandelwal@studiolotus.in | B141: Microsoft 365 Business Standard (no teams) | C141: Single User | D141: License Assigned | F141: 46357 | H141: UPN: lds05@tacdesign.onmicrosoft.com
A142: asmita.bharati@studiolotus.in | B142: Microsoft 365 Business Standard (no teams) | C142: Single User | D142: License Assigned | F142: 46357 | H142: UPN: lds25@tacdesign.onmicrosoft.com
A143: ayushi.patwari@studiolotus.in | B143: Microsoft 365 Business Standard (no teams) | C143: Single User | D143: License Assigned | F143: 46357 | H143: UPN: lds48@tacdesign.onmicrosoft.com
A144: deepak.chakicherla@studiolotus.in | B144: Microsoft 365 Business Standard (no teams) | C144: Single User | D144: License Assigned | F144: 46357 | H144: UPN: lds26@tacdesign.onmicrosoft.com
A145: harsha.singh@studiolotus.in | B145: Microsoft 365 Business Standard (no teams) | C145: Single User | D145: License Assigned | F145: 46357 | H145: UPN: lds55@tacdesign.onmicrosoft.com
A146: isha.singh@studiolotus.in | B146: Microsoft 365 Business Standard (no teams) | C146: Single User | D146: License Assigned | F146: 46357 | H146: UPN: ishasingh@tacdesign.onmicrosoft.com
A147: kunal.sagar@studiolotus.in | B147: Microsoft 365 Business Standard (no teams) | C147: Single User | D147: License Assigned | F147: 46357 | H147: UPN: lds08@tacdesign.onmicrosoft.com
... A166: itsupport@studiolotus.in | B166: Microsoft 365 Business Standard (no teams) | C166: Single User | D166: License Assigned | F166: 46357 | H166: UPN: itsupport@tacdesign.onmicrosoft.com
B167: Microsoft 365 Business Standard (no teams) | C167: Single User | D167: License Assigned | F167: 46357 | H167: UPN: principal@tacdesign.onmicrosoft.com
A168: karishma.patidar@studiolotus.in | B168: Microsoft 365 Business Standard (no teams) | C168: Single User | D168: License Assigned | F168: 46357 | G168: Amita Goel Team | H168: UPN: lds101@tacdesign.onmicrosoft.com
A169: siya.suri@studiolotus.in | B169: Microsoft 365 Business Standard (no teams) | C169: Single User | D169: License Assigned | F169: 46357 | H169: UPN: lds11@tacdesign.onmicrosoft.com
A170: reetika.singh@studiolotus.in | B170: SketchUp Pro | C170: Single User | D170: License Assigned | F170: 46373
A171: sachin.tyagi@studiolotus.in | B171: SketchUp Pro | C171: Single User | D171: License Assigned | F171: 46255
A172: vivin@studiolotus.in | B172: SketchUp Pro | C172: Single User | D172: License Assigned | F172: 46255
A173: itsupport@studiolotus.in | B173: SketchUp Pro | C173: Single User | D173: License Assigned | F173: 46178
A174: prashant.bharadwaj@studiolotus.in | B174: SketchUp Pro | C174: Single User | D174: License Assigned | F174: 46178
A175: rushil.jain@studiolotus.in | B175: SketchUp Pro | C175: Single User | D175: License Assigned | F175: 46178
A176: yatin.tokas@studiolotus.in | B176: SketchUp Pro | C176: Single User | D176: License Assigned | F176: 46178
A177: amrapali@studiolotus.in | B177: SketchUp Pro | C177: Single User | D177: License Assigned | F177: 46255
A178: anishaa.kashyap@studiolotus.in | B178: SketchUp Pro | C178: Single User | D178: License Assigned | F178: 46255
A179: aditya.pandoh@studiolotus.in | B179: SketchUp Pro | C179: Single User | D179: License Assigned | F179: 46178
A180: priyanka.jawa@studiolotus.in | B180: SketchUp Pro | C180: Single User | D180: License Assigned | F180: 46321
A181: tanmay.vaid@studiolotus.in | B181: SketchUp Pro | C181: Single User | D181: License Assigned | F181: 46280
... A219: deeptha.mg@studiolotus.in | B219: AutoCAD LT | C219: Single User | D219: License Assigned | F219: 46378

Sheet Groups
A1: Group Key | B1: Group / Team | C1: Principal | D1: Team Lead | E1: Parent | F1: Color Hex | G1: Sort | H1: Active | I1: Notes
A2: HARSH-FINANCE | B2: Finance & Accounts | C2: Harsh Vardhan | D2: Rajendra Kumar Mohanty | E2: Harsh Vardhan | F2: #E3EEF4 | G2: 10 | H2: =TRUE() -> TRUE | I2: Function-wise rollup for Harsh Vardhan.
A3: HARSH-PEOPLE | B3: People & Culture | C3: Harsh Vardhan | D3: Isha Singh | E3: Harsh Vardhan | F3: #F5E2EA | G3: 20 | H3: =TRUE() -> TRUE | I3: Function-wise rollup for Harsh Vardhan.
A4: HARSH-BD | B4: BD & Comms | C4: Harsh Vardhan | D4: Amita Goel | E4: Harsh Vardhan | F4: #E3F1E7 | G4: 30 | H4: =TRUE() -> TRUE | I4: Function-wise rollup for Harsh Vardhan.
A5: HARSH-IT | B5: IT & Tech | C5: Harsh Vardhan | D5: Devdutt Kumar | E5: Harsh Vardhan | F5: #E7F0D8 | G5: 40 | H5: =TRUE() -> TRUE | I5: Function-wise rollup for Harsh Vardhan.
A6: HARSH-ADMIN | B6: Admin & Infra | C6: Harsh Vardhan | D6: Kavita Chatola | E6: Harsh Vardhan | F6: #ECE6F7 | G6: 50 | H6: =TRUE() -> TRUE | I6: Function-wise rollup for Harsh Vardhan.
A7: HARSH-HOMES | B7: Homes | C7: Harsh Vardhan | D7: Harsh Vardhan | E7: Harsh Vardhan | F7: #E2EEF7 | G7: 60 | H7: =TRUE() -> TRUE | I7: Function-wise rollup for Harsh Vardhan.
A8: AMB-DIRECT | B8: Direct Reports | C8: Ambrish Arora | D8: Ambrish Arora | E8: Ambrish Arora | F8: #DCEFF0 | G8: 70 | H8: =TRUE() -> TRUE
A9: AMB-PRAJWAL | B9: Prajwal Yashwant Amin Team | C9: Ambrish Arora | D9: Prajwal Yashwant Amin | E9: Ambrish Arora | F9: #F7EFC9 | G9: 80 | H9: =TRUE() -> TRUE
A10: AMB-VARUN | B10: Varun Srivastava Team | C10: Ambrish Arora | D10: Varun Srivastava | E10: Ambrish Arora | F10: #E7E8F6 | G10: 100 | H10: =TRUE() -> TRUE
A11: AMB-YATIN | B11: Yatin Tokas Team | C11: Ambrish Arora | D11: Yatin Tokas | E11: Ambrish Arora | F11: #E0F4EF | G11: 110 | H11: =TRUE() -> TRUE | I11: Karthick R is grouped here as requested.
A12: ANKUR-DIRECT | B12: Direct Reports | C12: Ankur Choksi | D12: Ankur Choksi | E12: Ankur Choksi | F12: #F3E3D8 | G12: 120 | H12: =TRUE() -> TRUE
A13: ANKUR-PRASHANT | B13: Prashant Bharadwaj Team | C13: Ankur Choksi | D13: Prashant Bharadwaj | E13: Ankur Choksi | F13: #DDE7F7 | G13: 130 | H13: =TRUE() -> TRUE
A14: ANKUR-SWATI | B14: Swati Seshadri Team | C14: Ankur Choksi | D14: Swati Seshadri | E14: Ankur Choksi | F14: #F1E4F6 | G14: 140 | H14: =TRUE() -> TRUE
A15: ASHA-DIRECT | B15: Direct Reports | C15: Asha Sairam | D15: Asha Sairam | E15: Asha Sairam | F15: #EAF0DC | G15: 150 | H15: =TRUE() -> TRUE
A16: ASHA-INSIYA | B16: Insiya Pithawala Team | C16: Asha Sairam | D16: Insiya Pithawala | E16: Asha Sairam | F16: #F7DDD9 | G16: 160 | H16: =TRUE() -> TRUE
A17: ASHA-NEELAM | B17: Neelam Das Team | C17: Asha Sairam | D17: Neelam Das | E17: Asha Sairam | F17: #DFF1F6 | G17: 170 | H17: =TRUE() -> TRUE | I17: Neelam reports to Asha; not a principal node.
A18: ASHA-RANDHIR | B18: Randhir Kumar Team | C18: Asha Sairam | D18: Randhir Kumar | E18: Asha Sairam | F18: #F6EFD8 | G18: 180 | H18: =TRUE() -> TRUE

Sheet License_Inventory
A1: Contract Key | B1: Entity | C1: Software | D1: Category | E1: Contract No | F1: Contract Type | G1: Serial No | H1: People | I1: Start Date | J1: End Date | K1: User Type | L1: Status | M1: Vendor | N1: Contact Email | O1: Days to Expiry | P1: Renewal Status | Q1: License Assigned | R1: Spare Licenses | S1: Utilisation % | T1: Notes | U1: Smart License Key
A2: INV-001 | B2: TAC Design (Studio Lotus) | C2: AutoCAD LT | D2: Design Software | E2: 110005089936 | F2: Subscription | G2: 575-47375883 | H2: 25 | I2: 45970 | J2: 46335 | K2: Single User | L2: Active | M2: CAPRICOT | N2: itsupport@studiolotus.in | O2: =IF(J2="","",J2-TODAY()) -> 160 | P2: =IF(J2="","No End Date",IF(J2-TODAY()<0,"Expired",IF(J2-TODAY()<=30,"Expiring Soon",IF(J2-TODAY()<=90,"Watch","Active")))) -> Active | Q2: 83 | R2: 0 | S2: =IFERROR(IF(H2=0,"",COUNTIF(Licenses!$B:$B,C2)/H2),"") -> 3.68 | U2: AUTOCAD LT
A3: INV-002 | B3: TAC Design (Studio Lotus) | C3: AutoCAD LT | D3: Design Software | E3: 110003617657 | F3: Subscription | G3: 572-11051743 | H3: 10 | I3: 45830 | J3: 46195 | K3: Single User | L3: Active | M3: CAPRICOT | N3: itsupport@studiolotus.in | O3: =IF(J3="","",J3-TODAY()) -> 20 | P3: =IF(J3="","No End Date",IF(J3-TODAY()<0,"Expired",IF(J3-TODAY()<=30,"Expiring Soon",IF(J3-TODAY()<=90,"Watch","Active")))) -> Expiring Soon | Q3: 83 | R3: 0 | S3: =IFERROR(IF(H3=0,"",COUNTIF(Licenses!$B:$B,C3)/H3),"") -> 9.2 | U3: AUTOCAD LT
A4: INV-003 | B4: TAC Design (Studio Lotus) | C4: AutoCAD LT | D4: Design Software | E4: 110004469439 | F4: Subscription | G4: 574-14236158 | H4: 10 | I4: 45864 | J4: 46229 | K4: Single User | L4: Active | M4: MICROGENESIS | N4: itsupport@studiolotus.in | O4: =IF(J4="","",J4-TODAY()) -> 54 | P4: =IF(J4="","No End Date",IF(J4-TODAY()<0,"Expired",IF(J4-TODAY()<=30,"Expiring Soon",IF(J4-TODAY()<=90,"Watch","Active")))) -> Watch | Q4: 83 | R4: 0 | S4: =IFERROR(IF(H4=0,"",COUNTIF(Licenses!$B:$B,C4)/H4),"") -> 9.2 | U4: AUTOCAD LT
A5: INV-004 | B5: TAC Design (Studio Lotus) | C5: AutoCAD LT | D5: Design Software | E5: 110003696736 | F5: Subscription | G5: 572-44150915 | H5: 10 | I5: 45898 | J5: 46263 | K5: Single User | L5: Active | M5: CAPRICOT | N5: itsupport@studiolotus.in | O5: =IF(J5="","",J5-TODAY()) -> 88 | P5: =IF(J5="","No End Date",IF(J5-TODAY()<0,"Expired",IF(J5-TODAY()<=30,"Expiring Soon",IF(J5-TODAY()<=90,"Watch","Active")))) -> Watch | Q5: 83 | R5: 0 | S5: =IFERROR(IF(H5=0,"",COUNTIF(Licenses!$B:$B,C5)/H5),"") -> 9.2 | U5: AUTOCAD LT
A6: INV-005 | B6: TAC Design (Studio Lotus) | C6: AutoCAD LT | D6: Design Software | E6: 110004850159 | F6: Subscription | G6: 575-01328894 | H6: 20 | I6: 45898 | J6: 46263 | K6: Single User | L6: Active | M6: MICROGENESIS | N6: itsupport@studiolotus.in | O6: =IF(J6="","",J6-TODAY()) -> 88 | P6: =IF(J6="","No End Date",IF(J6-TODAY()<0,"Expired",IF(J6-TODAY()<=30,"Expiring Soon",IF(J6-TODAY()<=90,"Watch","Active")))) -> Watch | Q6: 83 | R6: 0 | S6: =IFERROR(IF(H6=0,"",COUNTIF(Licenses!$B:$B,C6)/H6),"") -> 4.6 | U6: AUTOCAD LT
A7: INV-006 | B7: TAC Design (Studio Lotus) | C7: AutoCAD LT | D7: Design Software | E7: 110004850190 | F7: Subscription | G7: 575-01327213 | H7: 10 | I7: 45898 | J7: 46263 | K7: Single User | L7: Active | M7: KRION COUSULTUING | N7: itsupport@studiolotus.in | O7: =IF(J7="","",J7-TODAY()) -> 88 | P7: =IF(J7="","No End Date",IF(J7-TODAY()<0,"Expired",IF(J7-TODAY()<=30,"Expiring Soon",IF(J7-TODAY()<=90,"Watch","Active")))) -> Watch | Q7: 83 | R7: 0 | S7: =IFERROR(IF(H7=0,"",COUNTIF(Licenses!$B:$B,C7)/H7),"") -> 9.2 | U7: AUTOCAD LT
A8: INV-007 | B8: TAC Design (Studio Lotus) | C8: 3DS MAX | D8: Design Software | E8: 110004508222 | F8: Subscription | G8: 574-21740988 | H8: 1 | I8: 45905 | J8: 46270 | K8: Single User | L8: Active | M8: MICROGENESIS | N8: itsupport@studiolotus.in | O8: =IF(J8="","",J8-TODAY()) -> 95 | P8: =IF(J8="","No End Date",IF(J8-TODAY()<0,"Expired",IF(J8-TODAY()<=30,"Expiring Soon",IF(J8-TODAY()<=90,"Watch","Active")))) -> Active | Q8: 1 | R8: 0 | S8: =IFERROR(IF(H8=0,"",COUNTIF(Licenses!$B:$B,C8)/H8),"") -> 1 | U8: 3DS MAX
A9: INV-008 | B9: Mangrove Collective | C9: AutoCAD LT | D9: Design Software | E9: 110003640750 | F9: Subscription | G9: 572-20019986 | H9: 6 | I9: 44386 | K9: Single User | L9: Active | O9: =IF(J9="","",J9-TODAY()) | P9: =IF(J9="","No End Date",IF(J9-TODAY()<0,"Expired",IF(J9-TODAY()<=30,"Expiring Soon",IF(J9-TODAY()<=90,"Watch","Active")))) -> No End Date | Q9: 83 | R9: 0 | S9: =IFERROR(IF(H9=0,"",COUNTIF(Licenses!$B:$B,C9)/H9),"") -> 15.333333 | U9: AUTOCAD LT
A10: INV-009 | B10: Mangrove Collective | C10: AutoCAD LT | D10: Design Software | E10: 110003651805 | F10: Subscription | G10: 572-26485532 | H10: 7 | I10: 44395 | K10: Single User | L10: Active | O10: =IF(J10="","",J10-TODAY()) | P10: =IF(J10="","No End Date",IF(J10-TODAY()<0,"Expired",IF(J10-TODAY()<=30,"Expiring Soon",IF(J10-TODAY()<=90,"Watch","Active")))) -> No End Date | Q10: 83 | R10: 0 | S10: =IFERROR(IF(H10=0,"",COUNTIF(Licenses!$B:$B,C10)/H10),"") -> 13.142857 | U10: AUTOCAD LT
A11: INV-010 | B11: Studio Lotus (Personal) | C11: AutoCAD LT | D11: Design Software | E11: 110003484290 | F11: Subscription | H11: 1 | I11: 44630 | K11: Single User | L11: Active | O11: =IF(J11="","",J11-TODAY()) | P11: =IF(J11="","No End Date",IF(J11-TODAY()<0,"Expired",IF(J11-TODAY()<=30,"Expiring Soon",IF(J11-TODAY()<=90,"Watch","Active")))) -> No End Date | Q11: 83 | R11: 0 | S11: =IFERROR(IF(H11=0,"",COUNTIF(Licenses!$B:$B,C11)/H11),"") -> 92 | U11: AUTOCAD LT
A12: INV-011 | B12: TAC Design (Studio Lotus) | C12: ADOBE PHOTOSHOP CC | D12: Adobe Creative | F12: Subscription | H12: 20 | I12: 45674 | J12: 46732 | K12: SINGLE USER | L12: Active | M12: MICROGENESIS | N12: nirmal@studiolotus.in | O12: =IF(J12="","",J12-TODAY()) -> 557 | P12: =IF(J12="","No End Date",IF(J12-TODAY()<0,"Expired",IF(J12-TODAY()<=30,"Expiring Soon",IF(J12-TODAY()<=90,"Watch","Active")))) -> Active | Q12: 0 | R12: 20 | S12: =IFERROR(IF(H12=0,"",COUNTIF(Licenses!$B:$B,C12)/H12),"") -> 0 | U12: ADOBE PHOTOSHOP
A13: INV-012 | B13: TAC Design (Studio Lotus) | C13: ADOBE INDESIGN | D13: Adobe Creative | F13: Subscription | H13: 2 | I13: 45674 | J13: 46732 | K13: SINGLE USER | L13: Active | M13: MICROGENESIS | N13: nirmal@studiolotus.in | O13: =IF(J13="","",J13-TODAY()) -> 557 | P13: =IF(J13="","No End Date",IF(J13-TODAY()<0,"Expired",IF(J13-TODAY()<=30,"Expiring Soon",IF(J13-TODAY()<=90,"Watch","Active")))) -> Active | Q13: 2 | R13: 0 | S13: =IFERROR(IF(H13=0,"",COUNTIF(Licenses!$B:$B,C13)/H13),"") -> 0.5 | U13: ADOBE INDESIGN
A14: INV-013 | B14: TAC Design (Studio Lotus) | C14: ADOBE ILLUSTRATOR | D14: Adobe Creative | F14: Subscription | H14: 4 | I14: 45674 | J14: 46732 | K14: SINGLE USER | L14: Active | M14: MICROGENESIS | N14: nirmal@studiolotus.in | O14: =IF(J14="","",J14-TODAY()) -> 557 | P14: =IF(J14="","No End Date",IF(J14-TODAY()<0,"Expired",IF(J14-TODAY()<=30,"Expiring Soon",IF(J14-TODAY()<=90,"Watch","Active")))) -> Active | Q14: 4 | R14: 0 | S14: =IFERROR(IF(H14=0,"",COUNTIF(Licenses!$B:$B,C14)/H14),"") -> 1 | U14: ADOBE ILLUSTRATOR
A15: INV-014 | B15: TAC Design (Studio Lotus) | C15: ADOBE ACROBAT | D15: Adobe Creative | F15: Subscription | H15: 3 | I15: 45674 | J15: 46732 | K15: SINGLE USER | L15: Active | M15: MICROGENESIS | N15: nirmal@studiolotus.in | O15: =IF(J15="","",J15-TODAY()) -> 557 | P15: =IF(J15="","No End Date",IF(J15-TODAY()<0,"Expired",IF(J15-TODAY()<=30,"Expiring Soon",IF(J15-TODAY()<=90,"Watch","Active")))) -> Active | Q15: 3 | R15: 0 | S15: =IFERROR(IF(H15=0,"",COUNTIF(Licenses!$B:$B,C15)/H15),"") -> 1 | U15: ADOBE ACROBAT
A16: INV-015 | B16: TAC Design (Studio Lotus) | C16: Microsoft 365 Business Standard | D16: Productivity | F16: Subscription | H16: 10 | I16: 45992 | J16: 46357 | K16: SINGLE USER | L16: Active | M16: ADROIT | O16: =IF(J16="","",J16-TODAY()) -> 182 | P16: =IF(J16="","No End Date",IF(J16-TODAY()<0,"Expired",IF(J16-TODAY()<=30,"Expiring Soon",IF(J16-TODAY()<=90,"Watch","Active")))) -> Active | Q16: 0 | R16: 87 | S16: =IFERROR(IF(H16=0,"",COUNTIF(Licenses!$B:$B,C16)/H16),"") -> 1 | U16: MS OFFICE 365 APPS
A17: INV-016 | B17: TAC Design (Studio Lotus) | C17: Microsoft 365 Business Standard (no teams) | D17: Productivity | F17: Subscription | H17: 95 | I17: 45992 | J17: 46357 | K17: SINGLE USER | L17: Active | M17: ADROIT | O17: =IF(J17="","",J17-TODAY()) -> 182 | P17: =IF(J17="","No End Date",IF(J17-TODAY()<0,"Expired",IF(J17-TODAY()<=30,"Expiring Soon",IF(J17-TODAY()<=90,"Watch","Active")))) -> Active | Q17: 0 | R17: 31 | S17: =IFERROR(IF(H17=0,"",COUNTIF(Licenses!$B:$B,C17)/H17),"") -> 0.33684211 | U17: MS OFFICE 365 STANDARD
A18: INV-018 | B18: TAC Design (Studio Lotus) | C18: SKETCHUP PRO | D18: Design Software | F18: Subscription | H18: 19 | I18: 45813 | J18: 46178 | K18: SINGLE USER | L18: Active | M18: MICROGENESIS | O18: =IF(J18="","",J18-TODAY()) -> 3 | P18: =IF(J18="","No End Date",IF(J18-TODAY()<0,"Expired",IF(J18-TODAY()<=30,"Expiring Soon",IF(J18-TODAY()<=90,"Watch","Active")))) -> Expiring Soon | Q18: 0 | R18: 19 | S18: =IFERROR(IF(H18=0,"",COUNTIF(Licenses!$B:$B,C18)/H18),"") -> 2.5789474 | U18: SKETCHUP PRO
A19: INV-019 | B19: TAC Design (Studio Lotus) | C19: SKETCHUP PRO | D19: Design Software | F19: Subscription | H19: 12 | I19: 45890 | J19: 46255 | K19: SINGLE USER | L19: Active | M19: MICROGENESIS | O19: =IF(J19="","",J19-TODAY()) -> 80 | P19: =IF(J19="","No End Date",IF(J19-TODAY()<0,"Expired",IF(J19-TODAY()<=30,"Expiring Soon",IF(J19-TODAY()<=90,"Watch","Active")))) -> Watch | Q19: 0 | R19: 12 | S19: =IFERROR(IF(H19=0,"",COUNTIF(Licenses!$B:$B,C19)/H19),"") -> 4.0833333 | U19: SKETCHUP PRO
A20: INV-020 | B20: TAC Design (Studio Lotus) | C20: SKETCHUP PRO | D20: Design Software | F20: Subscription | H20: 3 | I20: 45915 | J20: 46280 | K20: SINGLE USER | L20: Active | M20: MICROGENESIS | O20: =IF(J20="","",J20-TODAY()) -> 105 | P20: =IF(J20="","No End Date",IF(J20-TODAY()<0,"Expired",IF(J20-TODAY()<=30,"Expiring Soon",IF(J20-TODAY()<=90,"Watch","Active")))) -> Active | Q20: 0 | R20: 3 | S20: =IFERROR(IF(H20=0,"",COUNTIF(Licenses!$B:$B,C20)/H20),"") -> 16.333333 | U20: SKETCHUP PRO
A21: INV-021 | B21: TAC Design (Studio Lotus) | C21: SKETCHUP PRO | D21: Design Software | F21: Subscription | H21: 6 | I21: 45926 | J21: 46291 | K21: SINGLE USER | L21: Active | M21: MICROGENESIS | O21: =IF(J21="","",J21-TODAY()) -> 116 | P21: =IF(J21="","No End Date",IF(J21-TODAY()<0,"Expired",IF(J21-TODAY()<=30,"Expiring Soon",IF(J21-TODAY()<=90,"Watch","Active")))) -> Active | Q21: 0 | R21: 6 | S21: =IFERROR(IF(H21=0,"",COUNTIF(Licenses!$B:$B,C21)/H21),"") -> 8.1666667 | U21: SKETCHUP PRO
A22: INV-022 | B22: TAC Design (Studio Lotus) | C22: SKETCHUP PRO | D22: Design Software | F22: Subscription | H22: 5 | I22: 45957 | J22: 46322 | K22: SINGLE USER | L22: Active | M22: MICROGENESIS | O22: =IF(J22="","",J22-TODAY()) -> 147 | P22: =IF(J22="","No End Date",IF(J22-TODAY()<0,"Expired",IF(J22-TODAY()<=30,"Expiring Soon",IF(J22-TODAY()<=90,"Watch","Active")))) -> Active | Q22: 0 | R22: 5 | S22: =IFERROR(IF(H22=0,"",COUNTIF(Licenses!$B:$B,C22)/H22),"") -> 9.8 | U22: SKETCHUP PRO
A23: INV-023 | B23: TAC Design (Studio Lotus) | C23: SKETCHUP PRO | D23: Design Software | F23: Subscription | H23: 4 | I23: 46008 | J23: 46373 | K23: SINGLE USER | L23: Active | M23: MICROGENESIS | O23: =IF(J23="","",J23-TODAY()) -> 198 | P23: =IF(J23="","No End Date",IF(J23-TODAY()<0,"Expired",IF(J23-TODAY()<=30,"Expiring Soon",IF(J23-TODAY()<=90,"Watch","Active")))) -> Active | Q23: 0 | R23: 4 | S23: =IFERROR(IF(H23=0,"",COUNTIF(Licenses!$B:$B,C23)/H23),"") -> 12.25 | U23: SKETCHUP PRO
A24: INV-024 | B24: TAC Design (Studio Lotus) | C24: SKETCHUP PRO | D24: Design Software | F24: Subscription | H24: 1 | I24: 46009 | J24: 46374 | K24: SINGLE USER | L24: Active | M24: MICROGENESIS | O24: =IF(J24="","",J24-TODAY()) -> 199 | P24: =IF(J24="","No End Date",IF(J24-TODAY()<0,"Expired",IF(J24-TODAY()<=30,"Expiring Soon",IF(J24-TODAY()<=90,"Watch","Active")))) -> Active | Q24: 0 | R24: 1 | S24: =IFERROR(IF(H24=0,"",COUNTIF(Licenses!$B:$B,C24)/H24),"") -> 49 | U24: SKETCHUP PRO
A25: INV-025 | B25: TAC Design (Studio Lotus) | C25: ENSCAPE | D25: Visualization | F25: Subscription | H25: 4 | I25: 46106 | J25: 46471 | K25: SINGLE USER | L25: Active | M25: MICROGENESIS | O25: =IF(J25="","",J25-TODAY()) -> 296 | P25: =IF(J25="","No End Date",IF(J25-TODAY()<0,"Expired",IF(J25-TODAY()<=30,"Expiring Soon",IF(J25-TODAY()<=90,"Watch","Active")))) -> Active | Q25: 0 | R25: 4 | S25: =IFERROR(IF(H25=0,"",COUNTIF(Licenses!$B:$B,C25)/H25),"") -> 1.5 | U25: ENSCAPE
A26: INV-026 | B26: TAC Design (Studio Lotus) | C26: ENSCAPE | D26: Visualization | F26: Subscription | H26: 1 | I26: 46050 | J26: 46415 | K26: SINGLE USER | L26: Active | M26: MICROGENESIS | O26: =IF(J26="","",J26-TODAY()) -> 240 | P26: =IF(J26="","No End Date",IF(J26-TODAY()<0,"Expired",IF(J26-TODAY()<=30,"Expiring Soon",IF(J26-TODAY()<=90,"Watch","Active")))) -> Active | Q26: 0 | R26: 1 | S26: =IFERROR(IF(H26=0,"",COUNTIF(Licenses!$B:$B,C26)/H26),"") -> 6 | U26: ENSCAPE
A27: INV-027 | B27: TAC Design (Studio Lotus) | C27: ENSCAPE | D27: Visualization | F27: Subscription | H27: 1 | I27: 46070 | J27: 46435 | K27: SINGLE USER | L27: Active | M27: MICROGENESIS | O27: =IF(J27="","",J27-TODAY()) -> 260 | P27: =IF(J27="","No End Date",IF(J27-TODAY()<0,"Expired",IF(J27-TODAY()<=30,"Expiring Soon",IF(J27-TODAY()<=90,"Watch","Active")))) -> Active | Q27: 0 | R27: 1 | S27: =IFERROR(IF(H27=0,"",COUNTIF(Licenses!$B:$B,C27)/H27),"") -> 6 | U27: ENSCAPE
A28: INV-028 | B28: TAC Design (Studio Lotus) | C28: CORONA | D28: Visualization | F28: Subscription | H28: 1 | I28: 45848 | J28: 46213 | K28: SINGLE USER | L28: Active | M28: MICROGENESIS | O28: =IF(J28="","",J28-TODAY()) -> 38 | P28: =IF(J28="","No End Date",IF(J28-TODAY()<0,"Expired",IF(J28-TODAY()<=30,"Expiring Soon",IF(J28-TODAY()<=90,"Watch","Active")))) -> Watch | Q28: 0 | R28: 1 | S28: =IFERROR(IF(H28=0,"",COUNTIF(Licenses!$B:$B,C28)/H28),"") -> 1 | U28: CORONA
A29: INV-029 | B29: TAC Design (Studio Lotus) | C29: AutoCAD LT | D29: Design Software | F29: Subscription | H29: 6 | I29: 46013 | J29: 46378 | K29: Single User | L29: Active | M29: CAPRICOT | N29: itsupport@studiolotus.in | O29: =IF(J29="","",J29-TODAY()) -> 203 | P29: =IF(J29="","No End Date",IF(J29-TODAY()<0,"Expired",IF(J29-TODAY()<=30,"Expiring Soon",IF(J29-TODAY()<=90,"Watch","Active")))) -> Active | Q29: 0 | R29: 6 | S29: =IFERROR(IF(H29=0,"",COUNTIF(Licenses!$B:$B,C29)/H29),"") -> 15.333333 | T29: 6 new licences - Dec 22 2026 expiry | U29: AUTOCAD LT

Sheet User_License_Matrix
A1: Who has what — User × License matrix
A2: ✓ marks every (user, tool) pair from the Licenses sheet. Auto-refreshes on every edit. Last: 6/1/2026, 11:00:05 AM
A4: Employee | B4: Email | C4: Principal | D4: Team | E4: Job Title | F4: AutoCAD LT | G4: SketchUp Pro | H4: Microsoft 365 Business Standard (no teams) | I4: Adobe Photoshop | J4: Microsoft 365 Business Standard | K4: Enscape | L4: Adobe Illustrator | M4: Adobe Acrobat | N4: 3ds Max | O4: Adobe InDesign | P4: Corona | Q4: Total
A5: Ambrish Arora | B5: ambrish@studiolotus.in | C5: Ambrish Arora | D5: Direct Reports | E5: Principal | Q5: 0
A6: Aditi Panwar | B6: aditi.panwar@studiolotus.in | C6: Ambrish Arora | D6: Prajwal Yashwant Amin Team | E6: Architect | F6: ✓ | G6: ✓ | H6: ✓ | Q6: 3
A7: Ayushi Patwari | B7: ayushi.patwari@studiolotus.in | C7: Ambrish Arora | D7: Prajwal Yashwant Amin Team | E7: Architect | F7: ✓ | G7: ✓ | H7: ✓ | Q7: 3
A8: Prajwal Yashwant Amin | B8: prajwal@studiolotus.in | C8: Ambrish Arora | D8: Prajwal Yashwant Amin Team | E8: Project Architect | F8: ✓ | G8: ✓ | H8: ✓ | I8: ✓ | Q8: 4
A9: Puru Bhatia | B9: puru.bhatia@studiolotus.in | C9: Ambrish Arora | D9: Prajwal Yashwant Amin Team | E9: Architect | F9: ✓ | G9: ✓ | Q9: 2
A10: Suhani Khandelwal | B10: suhani.khandelwal@studiolotus.in | C10: Ambrish Arora | D10: Prajwal Yashwant Amin Team | E10: Architect | F10: ✓ | G10: ✓ | H10: ✓ | Q10: 3
A11: Adhiraj Sirkeck | B11: adhiraj.sirkeck@studiolotus.in | C11: Ambrish Arora | D11: Varun Srivastava Team | E11: Sr. Architect | F11: ✓ | G11: ✓ | Q11: 2
A12: Harsha Singh | B12: harsha.singh@studiolotus.in | C12: Ambrish Arora | D12: Varun Srivastava Team | E12: Architect | F12: ✓ | H12: ✓ | Q12: 2
A13: Khushboo Pandey | B13: khushboo.pandey@studiolotus.in | C13: Ambrish Arora | D13: Varun Srivastava Team | E13: Project Architect | F13: ✓ | Q13: 1
A14: Nikita Bhatia | B14: nikita.bhatia@studiolotus.in | C14: Ambrish Arora | D14: Varun Srivastava Team | E14: Project Architect | F14: ✓ | K14: ✓ | Q14: 2
A15: Rida Drabu | B15: rida@studiolotus.in | C15: Ambrish Arora | D15: Varun Srivastava Team | E15: Architect | F15: ✓ | G15: ✓ | Q15: 2
A16: Rushil Jain | B16: rushil.jain@studiolotus.in | C16: Ambrish Arora | D16: Varun Srivastava Team | E16: Architect | F16: ✓ | G16: ✓ | I16: ✓ | Q16: 3
A17: Satwik Singh Rathour | B17: satwik@studiolotus.in | C17: Ambrish Arora | D17: Varun Srivastava Team | E17: Sr. Architect | F17: ✓ | G17: ✓ | H17: ✓ | Q17: 3
A18: Varun Srivastava | B18: varun.srivastava@studiolotus.in | C18: Ambrish Arora | D18: Varun Srivastava Team | E18: Group Leader | F18: ✓ | G18: ✓ | J18: ✓ | Q18: 3
A19: Vivin Neelankavil | B19: vivin@studiolotus.in | C19: Ambrish Arora | D19: Varun Srivastava Team | E19: Sr. Architect | F19: ✓ | G19: ✓ | H19: ✓ | Q19: 3
A20: Abiyah Grace Ebby | B20: abiyah.grace@studiolotus.in | C20: Ambrish Arora | D20: Yatin Tokas Team | E20: Architect | F20: ✓ | Q20: 1
A21: Deepak Chakicherla | B21: deepak.chakicherla@studiolotus.in | C21: Ambrish Arora | D21: Yatin Tokas Team | E21: Architect | F21: ✓ | G21: ✓ | H21: ✓ | Q21: 3
A22: Jagdish Samal | B22: jagdish.samal@studiolotus.in | C22: Ambrish Arora | D22: Yatin Tokas Team | E22: Architect | F22: ✓ | Q22: 1
A23: Karthick R | B23: karthick.r@studiolotus.in | C23: Ambrish Arora | D23: Yatin Tokas Team | E23: Sr. Architect | F23: ✓ | G23: ✓ | Q23: 2
A24: Kashish Singh | B24: kashish.singh@studiolotus.in | C24: Ambrish Arora | D24: Yatin Tokas Team | E24: Architect | F24: ✓ | Q24: 1
A25: Mihir Jagdishbhai Ramani | B25: mihir.ramani@studiolotus.in | C25: Ambrish Arora | D25: Yatin Tokas Team | E25: Architect | F25: ✓ | G25: ✓ | Q25: 2
A26: Priyanka Jawa | B26: priyanka.jawa@studiolotus.in | C26: Ambrish Arora | D26: Yatin Tokas Team | E26: Sr. Architect | F26: ✓ | G26: ✓ | H26: ✓ | Q26: 3
A27: Vipul Sharma | B27: vipulsh1402@gmail.com | C27: Ambrish Arora | D27: Yatin Tokas Team | E27: Intern | Q27: 0
A28: Vishal Dubey | B28: vishal.dubey@studiolotus.in | C28: Ambrish Arora | D28: Yatin Tokas Team | E28: Project Architect | F28: ✓ | Q28: 1
A29: Yatin Tokas | B29: yatin.tokas@studiolotus.in | C29: Ambrish Arora | D29: Yatin Tokas Team | E29: Project Lead | F29: ✓ | G29: ✓ | H29: ✓ | Q29: 3
A30: Ankur Choksi | B30: ankur@lotuslink.in | C30: Ankur Choksi | D30: Direct Reports | E30: Principal | Q30: 0
A31: Aditi Sudheer Kari | B31: aditi3641arch22@spa.ac.in | C31: Ankur Choksi | D31: Prashant Bharadwaj Team | E31: Intern | Q31: 0
A32: Aditya Pandoh | B32: aditya.pandoh@studiolotus.in | C32: Ankur Choksi | D32: Prashant Bharadwaj Team | E32: Designer | F32: ✓ | G32: ✓ | H32: ✓ | Q32: 3
A33: Anisha Khandelwal | B33: anisha.khandelwal@studiolotus.in | C33: Ankur Choksi | D33: Prashant Bharadwaj Team | E33: Sr. Architect | F33: ✓ | H33: ✓ | Q33: 2
A34: Ankeeta Champatiray | B34: ankeeta@studiolotus.in | C34: Ankur Choksi | D34: Prashant Bharadwaj Team | E34: Sr. Architect | F34: ✓ | G34: ✓ | Q34: 2
A35: Deeptha Madan Gopal | B35: deeptha.mg@studiolotus.in | C35: Ankur Choksi | D35: Prashant Bharadwaj Team | E35: Architect | F35: ✓ | Q35: 1
A36: Prashant Bharadwaj | B36: prashant.bharadwaj@studiolotus.in | C36: Ankur Choksi | D36: Prashant Bharadwaj Team | E36: Associate Principal | F36: ✓ | G36: ✓ | J36: ✓ | Q36: 3
A37: Raunak Bhagat | B37: raunak.bhagat@studiolotus.in | C37: Ankur Choksi | D37: Prashant Bharadwaj Team | E37: Architect | F37: ✓ | H37: ✓ | Q37: 2
A38: Sanya Jain | B38: sanya.jain@studiolotus.in | C38: Ankur Choksi | D38: Prashant Bharadwaj Team | E38: Architect | F38: ✓ | G38: ✓ | H38: ✓ | I38: ✓ | Q38: 4
A39: Vishal Kumar | B39: vishal.kumar@studiolotus.in | C39: Ankur Choksi | D39: Prashant Bharadwaj Team | E39: Project Designer | F39: ✓ | Q39: 1
A40: Alpika Pandey | B40: alpika.pandey@studiolotus.in | C40: Ankur Choksi | D40: Swati Seshadri Team | E40: Architect | F40: ✓ | Q40: 1
A41: Arham Jain | B41: arham.jain@studiolotus.in | C41: Ankur Choksi | D41: Swati Seshadri Team | E41: Architect | F41: ✓ | G41: ✓ | I41: ✓ | Q41: 3
A42: Devenpreet Singh Wahi | B42: devenpreet@studiolotus.in | C42: Ankur Choksi | D42: Swati Seshadri Team | E42: Sr. Architect | F42: ✓ | G42: ✓ | I42: ✓ | Q42: 3
A43: Kunal Sagar | B43: kunal.sagar@studiolotus.in | C43: Ankur Choksi | D43: Swati Seshadri Team | E43: Project Architect | F43: ✓ | H43: ✓ | Q43: 2
A44: Nabajyoti Dutta Choudhury | B44: nabajyoti.dutta@studiolotus.in | C44: Ankur Choksi | D44: Swati Seshadri Team | E44: Project Architect | F44: ✓ | H44: ✓ | Q44: 2
A45: Saurabh Jangid | B45: saurabh.jangid@krvia.ac.in | C45: Ankur Choksi | D45: Swati Seshadri Team | E45: Intern | Q45: 0
A46: Sharan S | B46: sharan.s@studiolotus.in | C46: Ankur Choksi | D46: Swati Seshadri Team | E46: Sr. Architect | F46: ✓ | H46: ✓ | Q46: 2
A47: Siddharth Ramkumar | B47: siddharth.ramkumar@studiolotus.in | C47: Ankur Choksi | D47: Swati Seshadri Team | E47: Sr. Architect | F47: ✓ | G47: ✓ | Q47: 2
A48: Swati Seshadri | B48: swati.seshadri@studiolotus.in | C48: Ankur Choksi | D48: Swati Seshadri Team | E48: Group Leader | F48: ✓ | Q48: 1
A49: Tanmay Vaid | B49: tanmay.vaid@studiolotus.in | C49: Ankur Choksi | D49: Swati Seshadri Team | E49: Architect | F49: ✓ | G49: ✓ | H49: ✓ | Q49: 3
A50: Vijeet Shah | B50: vijeet.shah@studiolotus.in | C50: Ankur Choksi | D50: Swati Seshadri Team | E50: Architect | F50: ✓ | G50: ✓ | Q50: 2
A51: Asha Sairam | B51: asha@studiolotus.in | C51: Asha Sairam | D51: Direct Reports | E51: Principal | J51: ✓ | Q51: 1
A52: Anishaa Kashyap | B52: anishaa.kashyap@studiolotus.in | C52: Asha Sairam | D52: Insiya Pithawala Team | E52: Designer | F52: ✓ | G52: ✓ | Q52: 2
A53: Awani Devgan | B53: awanidevgan1921@gmail.com | C53: Asha Sairam | D53: Insiya Pithawala Team | E53: Intern | Q53: 0
A54: Insiya Pithawala | B54: insiya@studiolotus.in | C54: Asha Sairam | D54: Insiya Pithawala Team | E54: Group Leader | F54: ✓ | I54: ✓ | Q54: 2
A55: Isha Agrawal | B55: isha.agrawal@studiolotus.in | C55: Asha Sairam | D55: Insiya Pithawala Team | E55: Sr. Designer | F55: ✓ | G55: ✓ | I55: ✓ | K55: ✓ | Q55: 4
A56: Rashika Lungani | B56: rashika.lungani@studiolotus.in | C56: Asha Sairam | D56: Insiya Pithawala Team | E56: Designer | F56: ✓ | G56: ✓ | H56: ✓ | Q56: 3
A57: Reetika Singh | B57: reetika.singh@studiolotus.in | C57: Asha Sairam | D57: Insiya Pithawala Team | E57: Designer | F57: ✓ | G57: ✓ | H57: ✓ | K57: ✓ | Q57: 4
A58: Rudvi Senthil Kumar | B58: rudvi@studiolotus.in | C58: Asha Sairam | D58: Insiya Pithawala Team | E58: Designer | I58: ✓ | Q58: 1
A59: Sanya Mathur | B59: sanya.mathur@studiolotus.in | C59: Asha Sairam | D59: Insiya Pithawala Team | E59: Designer | F59: ✓ | Q59: 1
A60: Suryansh Agarwal | B60: suryansh@studiolotus.in | C60: Asha Sairam | D60: Insiya Pithawala Team | E60: Sr. Designer | F60: ✓ | G60: ✓ | H60: ✓ | Q60: 3
A61: Upangna Singh | B61: singhupangna@gmail.com | C61: Asha Sairam | D61: Insiya Pithawala Team | E61: Intern | Q61: 0
A62: Vartika Sood | B62: vartika.sood@studiolotus.in | C62: Asha Sairam | D62: Insiya Pithawala Team | E62: Sr. Designer | F62: ✓ | G62: ✓ | H62: ✓ | I62: ✓ | Q62: 4
A63: Abdul Kalam | B63: abdul@studiolotus.in | C63: Asha Sairam | D63: Neelam Das Team | E63: Project Designer | F63: ✓ | G63: ✓ | I63: ✓ | Q63: 3
A64: Abhijeet Roy | B64: abhijeet.roy@studiolotus.in | C64: Asha Sairam | D64: Neelam Das Team | E64: Sr. Designer | F64: ✓ | G64: ✓ | Q64: 2
A65: Akshita Kalia | B65: akshita.kalia@studiolotus.in | C65: Asha Sairam | D65: Neelam Das Team | E65: Designer | F65: ✓ | Q65: 1
A66: Amrapali Patra | B66: amrapali@studiolotus.in | C66: Asha Sairam | D66: Neelam Das Team | E66: Architect | F66: ✓ | G66: ✓ | I66: ✓ | L66: ✓ | Q66: 4
A67: Ananya Bhardwaj | B67: ananya.bhardwaj@studiolotus.in | C67: Asha Sairam | D67: Neelam Das Team | E67: Designer | F67: ✓ | Q67: 1
A68: Anushka Jindal | B68: anushkajindal2004@gmail.com | C68: Asha Sairam | D68: Neelam Das Team | E68: Intern | Q68: 0
A69: Huda Ateeque | B69: huda@studiolotus.in | C69: Asha Sairam | D69: Neelam Das Team | E69: Project Designer | F69: ✓ | Q69: 1
A70: Kadambari Kumar | B70: kadambari@studiolotus.in | C70: Asha Sairam | D70: Neelam Das Team | E70: Project Designer | F70: ✓ | Q70: 1
A71: Kimaya Shashank Kamat | B71: kimaya.kamat@studiolotus.in | C71: Asha Sairam | D71: Neelam Das Team | E71: Intern | F71: ✓ | Q71: 1
A72: Krishna Mandviwala | B72: krishna.mandviwala@studiolotus.in | C72: Asha Sairam | D72: Neelam Das Team | E72: Designer | F72: ✓ | G72: ✓ | I72: ✓ | K72: ✓ | Q72: 4
A73: Neelam Das | B73: neelam@studiolotus.in | C73: Asha Sairam | D73: Neelam Das Team | E73: Associate Principal | F73: ✓ | I73: ✓ | J73: ✓ | L73: ✓ | M73: ✓ | Q73: 5
A74: Neha Keshri | B74: neha.keshri@studiolotus.in | C74: Asha Sairam | D74: Neelam Das Team | E74: Designer | F74: ✓ | G74: ✓ | Q74: 2
A75: Shailen Sharma | B75: shailen.sharma@studiolotus.in | C75: Asha Sairam | D75: Neelam Das Team | E75: Designer | F75: ✓ | G75: ✓ | Q75: 2
A76: Siya Suri | B76: siya.suri@studiolotus.in | C76: Asha Sairam | D76: Neelam Das Team | E76: Designer | F76: ✓ | G76: ✓ | H76: ✓ | I76: ✓ | K76: ✓ | Q76: 5
A77: Sujata Kumari | B77: sujata.kumari@studiolotus.in | C77: Asha Sairam | D77: Neelam Das Team | E77: Architect | F77: ✓ | G77: ✓ | Q77: 2
A78: Himanshi Wadhwa | B78: himanshi.wadhwa@studiolotus.in | C78: Asha Sairam | D78: Randhir Kumar Team | E78: Designer | F78: ✓ | Q78: 1
A79: Randhir Kumar | B79: randhir.kumar@studiolotus.in | C79: Asha Sairam | D79: Randhir Kumar Team | E79: Project Designer | Q79: 0
A80: Sheetal Vishwakarma | B80: sheetal@studiolotus.in | C80: Asha Sairam | D80: Randhir Kumar Team | E80: Sr. Designer | F80: ✓ | G80: ✓ | Q80: 2
A81: Ajay Kanhaiya Lal | B81: lalk75219@gmail.com | C81: Harsh Vardhan | D81: Admin & Infra | E81: Office Support | Q81: 0
A82: Atul Kumar Singh | B82: atul@studiolotus.in | C82: Harsh Vardhan | D82: Admin & Infra | E82: Office Manager | F82: ✓ | G82: ✓ | Q82: 2
A83: Kavita Chatola | B83: kavita@studiolotus.in | C83: Harsh Vardhan | D83: Admin & Infra | E83: Manager Administration | F83: ✓ | G83: ✓ | Q83: 2
A84: Ram (Ravi) Prasad Sharma | B84: ravi.sharma.lotus@gmail.com | C84: Harsh Vardhan | D84: Admin & Infra | E84: Office Support | Q84: 0
A85: Sunil Kumar Paswan | B85: sunil3pswn@gmail.com | C85: Harsh Vardhan | D85: Admin & Infra | E85: Office Support | Q85: 0
A86: Umesh Mandal | B86: umeshmandal1403@gmail.com | C86: Harsh Vardhan | D86: Admin & Infra | E86: Cook | Q86: 0
A87: Vikram Singh | B87: vikram056085@gmail.com | C87: Harsh Vardhan | D87: Admin & Infra | E87: Office Support | Q87: 0
A88: Amita Goel | B88: amita@studiolotus.in | C88: Harsh Vardhan | D88: BD & Comms | E88: Associate Principal | J88: ✓ | Q88: 1
A89: Atharv Subharwal | B89: atharv@studiolotus.in | C89: Harsh Vardhan | D89: BD & Comms | E89: Sr. 3D Artist | F89: ✓ | G89: ✓ | I89: ✓ | N89: ✓ | P89: ✓ | Q89: 5
A90: Bharati Asmita | B90: asmita.bharati@studiolotus.in | C90: Harsh Vardhan | D90: BD & Comms | E90: Communications Manager | F90: ✓ | H90: ✓ | I90: ✓ | J90: ✓ | L90: ✓ | O90: ✓ | Q90: 6
A91: Karishma Patidar | B91: karishma.patidar@studiolotus.in | C91: Harsh Vardhan | D91: BD & Comms | E91: Architect | F91: ✓ | H91: ✓ | Q91: 2
A92: Tanvi Jain | B92: tanvi@studiolotus.in | C92: Harsh Vardhan | D92: BD & Comms | E92: Engagement Manager- Business Development | F92: ✓ | J92: ✓ | Q92: 2
A93: Aman Jha | B93: accountsexecutive@studiolotus.in | C93: Harsh Vardhan | D93: Finance & Accounts | E93: Accounts Executive | Q93: 0
A94: Nirmal Singh Bhakuni | B94: nirmal@studiolotus.in | C94: Harsh Vardhan | D94: Finance & Accounts | E94: Assistant Manager -Accounts | F94: ✓ | G94: ✓ | H94: ✓ | M94: ✓ | Q94: 4
A95: Rajendra Kumar Mohanty | B95: rajendra@studiolotus.in | C95: Harsh Vardhan | D95: Finance & Accounts | E95: Head Finance and Accounts | F95: ✓ | J95: ✓ | M95: ✓ | Q95: 3
A96: Aditi Agashe | B96: aditi.agashe@studiolotus.in | C96: Harsh Vardhan | D96: Homes | E96: Project Architect | F96: ✓ | H96: ✓ | Q96: 2
A97: Ambar Agarwal | B97: ambar.agarwal@studiolotus.in | C97: Harsh Vardhan | D97: Homes | E97: Intern | F97: ✓ | Q97: 1
A98: Anandita Kaur Narula | B98: anandita.narula@studiolotus.in | C98: Harsh Vardhan | D98: Homes | E98: Sr. Architect | F98: ✓ | G98: ✓ | I98: ✓ | Q98: 3
A99: Anshika Maheshwari | B99: anshika@studiolotus.in | C99: Harsh Vardhan | D99: Homes | E99: Architect | F99: ✓ | G99: ✓ | K99: ✓ | Q99: 3
A100: Harsh Vardhan | B100: harsh@studiolotus.in | C100: Harsh Vardhan | D100: Homes | E100: Principal | Q100: 0
A101: Maitrayee Takale | B101: maitrayee@studiolotus.in | C101: Harsh Vardhan | D101: Homes | E101: Sr. Architect | F101: ✓ | G101: ✓ | Q101: 2
...

Sheet Tool_Catalogue
A1: Smart Key | B1: Display Name | C1: Category | D1: Total Licenses | E1: License Assigned | F1: Spare Licenses
A2: 3DS_MAX | B2: 3ds Max | C2: Design Software | D2: 1 | E2: 1 | F2: =D2-E2 -> 0
A3: ADOBE_ACROBAT | B3: Adobe Acrobat | C3: Creative Suite | D3: 3 | E3: 3 | F3: =D3-E3 -> 0
A4: ADOBE_ILLUSTRATOR | B4: Adobe Illustrator | C4: Creative Suite | D4: 4 | E4: 4 | F4: =D4-E4 -> 0
A5: ADOBE_INDESIGN | B5: Adobe InDesign | C5: Creative Suite | D5: 2 | E5: 1 | F5: =D5-E5 -> 1
A6: ADOBE_PHOTOSHOP | B6: Adobe Photoshop | C6: Creative Suite | D6: 20 | E6: 19 | F6: =D6-E6 -> 1
A7: AUTOCAD_LT | B7: AutoCAD LT | C7: Design Software | D7: 105 | E7: 85 | F7: =D7-E7 -> 20
A8: MS_OFFICE_365_APPS | B8: MS Office 365 Apps | C8: Productivity | D8: 87 | E8: 47 | F8: =D8-E8 -> 40
A9: MS_OFFICE_365_BUSINE | B9: MS Office 365 Business Standard | C9: Productivity | D9: 118 | E9: 10 | F9: =D9-E9 -> 108
A10: SKETCHUP_PRO | B10: SketchUp Pro | C10: Design Software | D10: 54 | E10: 48 | F10: =D10-E10 -> 6
A11: NAN | B11: nan | C11: Other | D11: 861 | E11: 861 | F11: =D11-E11 -> 0

Sheet Systems
A1: System ID | B1: Type | C1: Assigned Email | D1: User Display | E1: Team | F1: Capability Tier | G1: Composite Score | H1: Suggested Upgrade | I1: Processor | J1: RAM (GB) | K1: RAM Slots Free | L1: Graphics Card | M1: CPU Cores | N1: Storage | O1: Motherboard | P1: OS | Q1: Office Version | R1: AutoCAD Version | S1: Adobe Versions | T1: SketchUp Version | U1: 3ds Max Version | V1: Rhino Version | W1: Enscape Version | X1: D5 Render | Y1: Antivirus | Z1: Purchase Date | AA1: Vendor | AB1: Service Tag | AC1: Serial No | AD1: Status | AE1: RDP PIN Stored | AF1: Notes
A2: LDS-02 | B2: Desktop | C2: arham.jain@studiolotus.in | D2: Arham | E2: Swati | F2: Performance | G2: 74 | H2: Solid — no upgrade needed for current workload | I2: Intel i7-10700F CPU@2.90GHZ | J2: 32 | K2: 4 SLOT | L2: NVIDIA GEFORCE RTX 4060 ti | M2: 6 C L12 | N2: M.2 SATA 500GB | O2: GIGABYTE Z590 arouse elite | P2: WINDOWS 10 PRO | Q2: OFFICE 365 BUSINESS | R2: AUTOCAD LT2019 | S2: PHOTOSHOP CC | T2: SKETCHUP 2025 PRO | Y2: GUARDIAN TOTAL SECURITY | Z2: 45108 | AA2: INFRA | AD2: Active | AE2: Yes | AG2: arham.jain@studiolotus.in
A3: LDS-03 | B3: Desktop | C3: rushil.jain@studiolotus.in | D3: Rushil | E3: Varun | F3: Performance | G3: 74 | H3: Solid — no upgrade needed for current workload | I3: Intel i7-10700F CPU@2.90GHZ | J3: 32 | K3: 2 SLOT | L3: NVIDIA GEFORCE RTX 4060 ti | M3: C 8 L16 | N3: M.2 SATA 500GB | O3: GIGABYTE Z590 arouse elite | P3: WINDOWS 10 PRO | Q3: OFFICE 365 BUSINESS | R3: AUTOCAD LT2026 | T3: SKETCHUP 2025 PRO | Y3: GUARDIAN TOTAL SECURITY | Z3: 45108 | AA3: JATIN | AD3: Active | AE3: Yes | AG3: rushil.jain@studiolotus.in
A4: LDS-04 | B4: Desktop | C4: anshika@studiolotus.in | D4: Anshika | E4: Resi Id | F4: Performance | G4: 76 | H4: Solid — no upgrade needed for current workload | I4: Intel i7-11700F CPU@2.90GHZ | J4: 32 | K4: 2 SLOT | L4: NVIDIA GEFORCE RTX 4060 ti | M4: 8 C 16L | N4: M.2 SATA 500GB | O4: GIGABYTE Z590 arouse elite | P4: WINDOWS 10 PRO | Q4: OFFICE 365 BUSINESS | R4: AUTOCAD LT2023 | T4: SKETCHUP 2025 PRO | W4: itsupport@studiolotus.in | Y4: GUARDIAN TOTAL SECURITY | Z4: 45108 | AA4: INFRA | AD4: Active | AE4: Yes | AG4: anshika@studiolotus.in
A5: LDS-05 | B5: Desktop | C5: anisha.khandelwal@studiolotus.in | D5: Anisha Khandewal | E5: Prashant Bhardwaj | F5: Basic | G5: 42 | H5: Adequate for its tier — monitor | I5: INTEL i7 8700K CPU @3.70GHZ | J5: 16 | K5: 2 SLOT | L5: NVIDIA GEFORCE GTX 1050Ti | M5: 6 C 12 L | N5: 240 GB SSD | O5: GIGABYTE Z590 arouse elite | P5: WINDOWS 10 PRO | Q5: OFFICE 365 BUSINESS | R5: AUTOCAD LT2026 | Y5: GUARDIAN TOTAL SECURITY | Z5: 45108 | AA5: INFRA | AD5: Active | AE5: Yes | AG5: anisha.khandelwal@studiolotus.in
A6: LDS-06 | B6: Desktop | C6: prajwal@studiolotus.in | D6: Prajwal | E6: Prajwal | F6: Performance | G6: 73 | H6: GPU is capable but RAM (16GB) bottlenecks rendering — add to 32GB | I6: Intel i7-14700kF CPU@2.90GHZ | J6: 16 | K6: 2 SLOT | L6: NVIDIA GEFORCE RTX 4060 ti | N6: M.2 500GB SSD | O6: ASUS Z790 P -PRIME | P6: WINDOWS 10 PRO | Q6: OFFICE 365 BUSINESS | R6: AUTOCAD LT2023 | S6: Photoshop | T6: SKETCHUP 2024 PRO | Y6: GUARDIAN TOTAL SECURITY | Z6: 45413 | AA6: AASHMA | AD6: Active | AE6: Yes | AG6: prajwal@studiolotus.in
A7: LDS-07 | B7: Desktop | C7: nikita.bhatia@studiolotus.in | D7: Nitika | E7: Varun | F7: Performance | G7: 68 | H7: GPU is capable but RAM (16GB) bottlenecks rendering — add to 32GB | I7: Intel i7-11700kF CPU@3.40GHZ | J7: 16 | K7: 1 SLOT | L7: NVIDIA GEFORCE RTX 4060 ti | M7: C 8 L16 | N7: M.2 500GB SSD | O7: GIGABYTE Z590 arouse elite | P7: WINDOWS 10 PRO | Q7: OFFICE 365 BUSINESS | R7: AUTOCAD LT2023 | T7: SKETCHUP 2024 PRO | W7: YES | Y7: GUARDIAN TOTAL SECURITY | AD7: Active | AE7: Yes
A8: LDS-08 | B8: Desktop | C8: kunal.sagar@studiolotus.in | D8: Kunal | E8: Swati | F8: Standard | G8: 57 | H8: Adequate for its tier — monitor | I8: Intel i7-11700F CPU@2.90GHZ | J8: 16 | K8: 2 SLOT | L8: NVIDIA GEFORCE GTX 1660Ti | M8: 6 C L12 | N8: M.2 SATA 500GB | O8: GIGABYTE Z590 arouse elite | P8: WINDOWS 10 PRO | Q8: OFFICE 365 BUSINESS | R8: AUTOCAD LT2026 | T8: SKETCHUP 2024 PRo | Y8: GUARDIAN TOTAL SECURITY | Z8: 45108 | AA8: INFRA | AD8: Active | AG8: kunal.sagar@studiolotus.in
A9: LDS-10 | B9: Desktop | C9: insha@studiolotus.in | D9: Insha | E9: Neelam Das | F9: Performance | G9: 63 | H9: Solid — no upgrade needed for current workload | I9: Intel i7-10700F CPU@2.90GHZ | J9: 32 | K9: NO SLOT | L9: NVIDIA GEFORCE 1660 GTX GALEX | N9: M.2 SATA 500GB | O9: GIGABYTE Z590D | P9: WINDOWS 10 PRO | Q9: OFFICE 365 BUSINESS | R9: AUTOCAD LT2023 | S9: PHOTOSHOP CC | T9: SKETCHUP 2024 PRO | W9: nirmal@studiolotus.in | Y9: GUARDIAN TOTAL SECURITY | Z9: 44866 | AA9: INFRA | AD9: Active | AE9: Yes
A10: LDS-11 | B10: Desktop | C10: siya@studiolotus.in | D10: Siya | E10: Neelam Das | F10: Performance | G10: 74 | H10: Solid — no upgrade needed for current workload | I10: Intel i7-10700F CPU@2.90GHZ | J10: 32 | K10: 2 SLOT | L10: NVIDIA GEFORCE RTX 4060 ti | M10: C 8 L 16 | N10: M.2 SATA 500GB | O10: GIGABYTE Z590 arouse elite | P10: WINDOWS 10 PRO | Q10: OFFICE 365 BUSINESS | R10: AUTOCAD LT2025 | T10: SKETCHUP 2024 PRO | W10: nirmal@studiolotus.in | Y10: GUARDIAN TOTAL SECURITY | Z10: 45108 | AA10: AASHMA | AD10: Active | AE10: Yes | AG10: siya.suri@studiolotus.in
A11: LDS-13 | B11: Desktop | C11: satwik@studiolotus.in | D11: Satwik | E11: Varun | F11: Performance | G11: 78 | H11: Solid — no upgrade needed for current workload | I11: Intel i7-10700F CPU@2.90GHZ | J11: 32 | K11: NO SLOT | L11: NVIDIA GEFORCE RTX 4070 ti | N11: M.2 SATA 500GB | O11: GIGABYTE Z590 arouse elite | P11: WINDOWS 10 PRO | Q11: OFFICE 365 BUSINESS | R11: AUTOCAD LT2023 | S11: PHOTOSHOP CC/INDESIGN | T11: SKETCHUP 2024 PRO | X11: yes | Y11: GUARDIAN TOTAL SECURITY | Z11: 45078 | AA11: INFRA | AD11: Active | AE11: Yes | AG11: satwik@studiolotus.in
A12: LDS-14 | B12: Desktop | C12: adhiraj.sirkeck@studiolotus.in | D12: Adhiraj | E12: Varun | F12: Basic | G12: 42 | H12: Adequate for its tier — monitor | I12: Intel i7-8700kF CPU@3.40GHZ | J12: 16 | K12: 2 SLOT | L12: NVIDIA GEFORCE RTX 1050ti | M12: C 6 L 12 | N12: M.2 500GB SSD | O12: GIGABYTE B360 GAMING HD | P12: WINDOWS 10 PRO | Q12: OFFICE 365 BUSINESS | AD12: Active | AE12: Yes | AG12: adhiraj.sirkeck@studiolotus.in
A13: LDS-15 | B13: Desktop | D13: Lumion Pc 1 | E13: Amita | F13: Performance | G13: 65 | H13: Solid — no upgrade needed for current workload | I13: Intel i7-11700F CPU@2.90GHZ | J13: 32 | K13: NO SLOT | L13: NVIDIA GEFORCE RTX 1660 | N13: M.2 SATA 1 TB | O13: GIGABYTE Z590 arouse AX | Z13: 45108 | AA13: JATIN | AD13: Active | AE13: Yes
A14: LDS-16 | B14: Desktop | C14: deeptha.mg@studiolotus.in | D14: Deeptha | E14: Prashant Bhardwaj | F14: Performance | G14: 66 | H14: GPU is capable but RAM (16GB) bottlenecks rendering — add to 32GB | I14: Intel i7-10700F CPU@2.90GHZ | J14: 16 | K14: 2 SLOT | L14: NVIDIA GEFORCE RTX 4060 ti | M14: 8 V L 16 | N14: M.2 SATA 500GB | O14: GIGABYTE Z590 arouse elite | P14: WINDOWS 10 PRO | Q14: OFFICE 365 BUSINESS | R14: AUTOCAD LT2019 | T14: SKETCHUP 2024 PRO | Y14: GUARDIAN TOTAL SECURITY | Z14: 45108 | AA14: JATIN | AD14: Active | AE14: Yes
A15: LDS-19 | B15: Desktop | C15: vivin@studiolotus.in | D15: Vivin | E15: Varun | F15: Performance | G15: 66 | H15: GPU is capable but RAM (16GB) bottlenecks rendering — add to 32GB | I15: Intel i7-10700F CPU@2.90GHZ | J15: 16 | K15: 2 SLOT | L15: NVIDIA GEFORCE RTX 4060 ti | M15: C 8 L16 | N15: M.2 SATA 500GB | O15: GIGABYTE Z590 arouse elite | P15: WINDOWS 10 PRO | Q15: OFFICE 365 BUSINESS | R15: AUTOCAD LT2026 | T15: SKETCHUP 2025 PRO | Y15: GUARDIAN TOTAL SECURITY | Z15: 45078 | AA15: INFRA | AD15: Active | AE15: Yes | AG15: vivin@studiolotus.in
A16: LDS-20 | B16: Desktop | C16: aditi.panwar@studiolotus.in | D16: Aditi Panwar | E16: Prajwal | F16: Standard | G16: 47 | H16: Adequate for its tier — monitor | I16: INTEL i7 8700K CPU @3.70GHZ | J16: 16 | K16: 2 SLOT | L16: NVIDIA GEFORCE GTX 1650Ti | N16: 240GB SSD | O16: GIGABYTE B360M GAMING HD | P16: WINDOWS 10 PRO | Q16: OFFICE 365 BUSINESS | R16: AUTOCAD LT2026 | Y16: GUARDIAN TOTAL SECURITY | AD16: Active | AE16: Yes | AG16: aditi3641arch22@spa.ac.in
A17: LDS-21 | B17: Desktop | C17: isha@studiolotus.in | D17: Sheetal | E17: Insiya | F17: Standard | G17: 55 | H17: Adequate for its tier — monitor | I17: Intel i7-10700F CPU@2.90GHZ | J17: 16 | K17: NO SLOT | L17: NVIDIA GEFORCE 1660 GTX GALEX | M17: C 8 L 16 | N17: M.2 SATA 500GB | O17: GIGABYTE Z590D | P17: WINDOWS 10 PRO | Q17: OFFICE 365 BUSINESS | R17: AUTOCAD LT 2026 | Y17: GUARDIAN TOTAL SECURITY | Z17: 44866 | AA17: INFRA | AD17: Active | AE17: Yes | AG17: sheetal@studiolotus.in
A18: LDS-23 | B18: Desktop | C18: raunak.bhagat@studiolotus.in | D18: Abhinav | E18: Prashant Bhardwaj | F18: Basic | G18: 38 | H18: GPU cannot drive modern 3D — replace with RTX 4060 or better | I18: INTEL i7 8700K CPU @3.70GHZ | J18: 16 | K18: NO SLOT | L18: NVIDIA GEFORCE GTX 750 ti | M18: 6 C 12 L | N18: 240 GB SSD | O18: GIGABYTE B360 GAMING HD | P18: WINDOWS 10 PRO | Q18: OFFICE 365 BUSINESS | R18: AUTOCAD LT2025 | Y18: GUARDIAN TOTAL SECURITY | AD18: Active | AE18: Yes
A19: LDS-25 | B19: Desktop | C19: asmita.bharati@studiolotus.in | D19: Asmita Bharati | E19: Amita | F19: Performance | G19: 74 | H19: Solid — no upgrade needed for current workload | I19: Intel i7-10700F CPU@2.90GHZ | J19: 32 | K19: 2 SLOT | L19: NVIDIA GEFORCE RTX 4060 ti | N19: M.2 500GB SSD | O19: GIGABYTE Z590 arouse elite | P19: WINDOWS 10 PRO | Q19: OFFICE 365 BUSINESS | R19: AUTOCAD LT2026 | S19: PHOTOSHOP CC/INDESIGN/illustrator | Y19: GUARDIAN TOTAL SECURITY | Z19: 45078 | AA19: JATIN | AD19: Active | AE19: Yes
A20: LDS-26 | B20: Desktop | C20: deepak.chakicherla@studiolotus.in | D20: Deepak | E20: Yatin Tokas | F20: Performance | G20: 71 | H20: Solid — no upgrade needed for current workload | I20: Intel i7-14700F CPU@2.90GHZ | J20: 32 | L20: NVIDIA GEFORCE RTX 1660 ti | M20: C 20 L 28 | N20: M.2 500GB SSD | O20: ASUS Z790 -P PRIME | P20: WINDOWS 10 PRO | Q20: OFFICE 365 BUSINESS | R20: AUTOCAD LT2026 | S20: Photo shopcc | T20: SKETCHUP 2026 PRO | X20: YES | Y20: GUARDIAN TOTAL SECURITY | Z20: 45505 | AA20: AASHMA | AD20: Active | AE20: Yes | AG20: deepak.chakicherla@studiolotus.in
A21: LDS-28 | B21: Desktop | C21: reetika.singh@studiolotus.in | D21: Reetika | E21: Insiya | F21: Performance | G21: 74 | H21: Solid — no upgrade needed for current workload | I21: Intel i7-10700F CPU@2.90GHZ | J21: 32 | L21: NVIDIA GEFORCE RTX 4060 ti | N21: M.2 500GB SSD | O21: ASUS Z790 P -PRIME | P21: WINDOWS 10 PRO | Q21: OFFICE 365 BUSINESS | R21: AUTOCAD LT 2026 | T21: SKETCHUP 2024 PRO | W21: RAJENDRA@STUDIOLOTUS.IN | Y21: GUARDIAN TOTAL SECURITY | Z21: 45474 | AA21: AASHMA | AD21: Active | AG21: reetika.singh@studiolotus.in
A22: LDS-29 | B22: Desktop | C22: suryansh@studiolotus.in | D22: Anisha Kashyap | E22: Insiya | F22: Performance | G22: 63 | H22: Solid — no upgrade needed for current workload | I22: Intel i7-14700kF CPU@2.90GHZ | L22: NVIDIA GEFORCE RTX 4060 ti | M22: C 20 L28 | N22: M.2 250GB SSD | O22: ASUS Z790 P -PRIME | P22: WINDOWS 10 PRO | Q22: OFFICE 365 BUSINESS | R22: AUTOCAD LT2026 | T22: SKETCHUP 2026 PRO | Y22: GUARDIAN TOTAL SECURITY | Z22: 45505 | AA22: AASHMA | AD22: Active | AE22: Yes | AG22: anisha.khandelwal@studiolotus.in
A23: LDS-33 | B23: Desktop | C23: yatin.tokas@studiolotus.in | D23: Yatin Tokas | E23: Yatin Tokas | F23: Standard | G23: 55 | H23: Adequate for its tier — monitor | I23: INTEL i7 10700KF CPU @3.40GHZ | J23: 16 | K23: NO SLOT | L23: NVIDIA GEFORCE RTX 1660 ti | M23: C 8L 16 | N23: M.2 500GB SSD | O23: ASUS Z790 -P PRIME | P23: WINDOWS 10 PRO | Q23: OFFICE 365 BUSINESS | R23: AUTOCAD LT2026 | T23: SKETCHUP 2025 PRO | Y23: GUARDIAN TOTAL SECURITY | Z23: 45315 | AA23: AASHMA | AD23: Active | AE23: Yes | AG23: yatin.tokas@studiolotus.in
A24: LDS-34 | B24: Desktop | C24: priyanka.jawa@studiolotus.in | D24: Devdutt | E24: Harsh | F24: Standard | G24: 59 | H24: Modern GPU bottlenecked by old CPU — plan full refresh | I24: Intel i7-1400kf CPU@2.90GHZ | J24: 32 | K24: 2 SLOT | L24: NVIDIA GEFORCE RTX 4060 ti | N24: M.2 SATA 500GB | O24: ASUS Z790 -P PRIME | P24: WINDOWS 10 PRO | Q24: OFFICE 365 BUSINESS | R24: AUTOCAD LT2023 | S24: PHOTOSHOP CC | T24: SKETCHUP 2024 PRO | Y24: GUARDIAN TOTAL SECURITY | Z24: 45108 | AA24: JATIN | AD24: Active | AE24: Yes | AG24: devdutt.kumar@studiolotus.in
A25: LDS-35 | B25: Desktop | C25: akshita@studiolotus.in | D25: Akshita | E25: Neelam Das | F25: Basic | G25: 34 | H25: GPU cannot drive modern 3D — replace with RTX 4060 or better | I25: INTEL i7 6700K CPU @3.70GHZ | J25: 16 | L25: NVIDIA GEFORCE GTX 750Ti | N25: 240GB SSD | O25: GIGABYTE Z170A | P25: WINDOWS 10 PRO | Q25: OFFICE 365 BUSINESS | R25: AUTOCAD LT2026 | Y25: GUARDIAN TOTAL SECURITY | AD25: Active | AE25: Yes | AG25: akshita.kalia@studiolotus.in
A26: LDS-38 | B26: Desktop | C26: aditi.agashe@studiolotus.in | D26: Aditi Agashe | E26: Resi Id | F26: Basic | G26: 42 | H26: Adequate for its tier — monitor | I26: Intel i7-8700kF CPU@2.90GHZ | J26: 16 | K26: NO SLOT | L26: NVIDIA GEFORCE RTX 1050 ti | M26: 6 C 12 L | N26: 250GB SSD | O26: GIGABYTE B360M GAMING HD | P26: WINDOWS 10 PRO | Q26: OFFICE 365 BUSINESS | R26: AUTOCAD LT2026 | Y26: GUARDIAN TOTAL SECURITY | AD26: Active | AE26: Yes | AG26: aditi3641arch22@spa.ac.in
A27: LDS-39 | B27: Desktop | C27: tanmay.vaid@studiolotus.in | D27: Tanmay | E27: Swati | F27: Performance | G27: 76 | H27: Solid — no upgrade needed for current workload | I27: Intel i7-11700kF CPU@2.90GHZ | J27: 32 | K27: NO SLOT | L27: NVIDIA GEFORCE RTX 4060 ti | M27: 6 C L12 | N27: M.2 1 tb SSD | O27: ASUS Z790 P -PRIME | P27: WINDOWS 10 PRO | Q27: OFFICE 365 BUSINESS | R27: AUTOCAD LT2026 | T27: SKETCHUP 2025 PRO | Y27: GUARDIAN TOTAL SECURITY | Z27: 45505 | AA27: AASHMA | AD27: Active | AE27: Yes | AG27: tanmay.vaid@studiolotus.in
A28: LDS-41 | B28: Desktop | C28: sanya.jain@studiolotus.in | D28: Sniya | E28: Prashant Bhardwaj | F28: Basic | G28: 38 | H28: Adequate for its tier — monitor | I28: INTEL i7 6700K CPU @3.70GHZ | J28: 16 | K28: 1 SLOT | L28: NVIDIA GEFORCE GTX 970 | M28: 4 C 8 L | N28: 500GB SSD | O28: GIGABYTE B360 GAMING HD | P28: WINDOWS 10 PRO | Q28: OFFICE 365 BUSINESS | R28: AUTOCAD LT2026 | S28: PHOTOSHOP CC | Y28: GUARDIAN TOTAL SECURITY | AD28: Active | AE28: Yes
A29: LDS-42 | B29: Desktop | C29: insiya@studiolotus.in | D29: Vartika Sood | E29: Insiya | F29: Entry | G29: 25 | H29: GPU cannot drive modern 3D — replace with RTX 4060 or better | I29: INTEL i7 4770 CPU @3.40GHZ | J29: 20 | K29: 1 SLOT | L29: NO GRAPHIC CARD | M29: C 4 L8 | N29: 250GB SSD | O29: GIGABYTE B85M -DS3H | P29: WINDOWS 10 PRO | Q29: OFFICE 365 BUSINESS | R29: AUTOCAD LT 2026 | Y29: GUARDIAN TOTAL SECURITY | AD29: Active | AE29: Yes | AG29: vartika.sood@studiolotus.in
A30: LDS-43 | B30: Desktop | D30: No User | E30: Swati | F30: Basic | G30: 36 | H30: Adequate for its tier — monitor | I30: INTEL i7 5820K CPU @3.30GHZ | J30: 16 | K30: NO SLOT | L30: NVIDIA GEFORCE GTX 980 | M30: 6 C L12 | N30: 250 GB SSD | O30: GIGABYTE X99-UD4P | P30: WINDOWS 10 PRO | Q30: OFFICE 365 BUSINESS | R30: AUTOCAD LT2026 | S30: PHOTOSHOP CC | Y30: GUARDIAN TOTAL SECURITY | AD30: Active | AE30: Yes
A31: LDS-44 | B31: Desktop | E31: It Team | F31: Standard | G31: 48 | H31: Adequate for its tier — monitor | I31: INTEL i7 4700 CPU @3.40GHZ | J31: 64 | K31: NO SLOT | L31: NVIDIA GEFORCE GTX 970 | N31: 250 GB SSD | O31: MSI Z170A 7971 | P31: WINDOWS 10 PRO | Q31: OFFICE 365 BUSINESS | R31: AUTOCAD LT2023 | Y31: GUARDIAN TOTAL SECURITY | AD31: Active | AE31: Yes
A32: LDS-45 | B32: Desktop | E32: It Team | F32: Basic | G32: 30 | H32: GPU cannot drive modern 3D — replace with RTX 4060 or better | I32: INTEL i7 4700 CPU @3.40GHZ | J32: 16 | K32: NO SLOT | L32: NVIDIA GEFORCE GTX 750Ti | N32: 250 GB SSD | O32: MSI Z170A 7971 | P32: WINDOWS 10 PRO | Q32: OFFICE 365 BUSINESS | R32: AUTOCAD LT2023 | Y32: GUARDIAN TOTAL SECURITY | AD32: Active
A33: LDS-46 | B33: Desktop | C33: vartika.sood@studiolotus.in | D33: Isha | E33: Insiya | F33: Workstation | G33: 89 | H33: No upgrade needed — top tier | I33: Intel ultra7 265k 3.90 GHZ | J33: 32 | K33: NO SLOT | L33: NVIDIA GEFORCE RTX 5070 | N33: M.2 SATA 500GB | O33: MSI PRO Z890P WITH WIFI | P33: WINDOWS 10 PRO | Q33: OFFICE 365 BUSINESS | R33: AUTOCAD LT 2026 | T33: SKETCHUP 2025 PRO | Y33: GUARDIAN TOTAL SECURITY | AA33: INFRA | AD33: Active | AE33: Yes | AG33: isha.agrawal@studiolotus.in
A34: LDS-47 | B34: Desktop | E34: Insiya | F34: Basic | G34: 42 | H34: GPU cannot drive modern 3D — replace with RTX 4060 or better | I34: INTEL i7 6700 CPU @3.40GHZ | J34: 32 | K34: NO SLOT | L34: NVIDIA GEFORCE GTX 750Ti | N34: 250GB SSD | O34: GIGABYTE Z170M-D3H | P34: WINDOWS 10 PRO | Q34: OFFICE 365 BUSINESS | R34: AUTOCAD LT2023 | Y34: GUARDIAN TOTAL SECURITY | AD34: Active | AE34: Yes
A35: LDS-48 | B35: Desktop | C35: ayushi.patwari@studiolotus.in | D35: Ayushi | E35: Prajwal | F35: Standard | G35: 55 | H35: Strong CPU paired with weak GPU — add an RTX 4060+ for viz | I35: Intel i7-10700kF CPU@2.90GHZ | J35: 32 | K35: 2 SLOT | L35: NVIDIA GEFORCE GTX 1050Ti | N35: M.2 500GB SSD | O35: ASUS Z790 P -PRIME | P35: WINDOWS 10 PRO | Q35: OFFICE 365 BUSINESS | R35: AUTOCAD LT2023 | T35: SKETCHUP 2024 PRO | Y35: GUARDIAN TOTAL SECURITY | AD35: Active | AE35: Yes
A36: LDS-49 | B36: Desktop | D36: No User | E36: Prashant Bhardwaj | F36: Standard | G36: 45 | H36: Adequate for its tier — monitor | I36: INTEL XEON-E3 1245 V5@3.50GHZ | J36: 16 | K36: NO SLOT | L36: NVIDIA GEFORCE GTX 1080 | N36: 500GB SSD | O36: INTEL DX79T0 | P36: WINDOWS 10 PRO | Q36: OFFICE 365 BUSINESS | R36: AUTOCAD LT2023 | Y36: GUARDIAN TOTAL SECURITY | AD36: Active | AE36: Yes
A37: LDS-50 | B37: Desktop | C37: priyanka.jawa@studiolotus.in | D37: Priyanka | E37: Yatin Tokas | F37: Performance | G37: 72 | H37: GPU is capable but RAM (16GB) bottlenecks rendering — add to 32GB | I37: INTEL i7 13700K CPU @3.40 GHZ | J37: 16 | K37: NO SLOT | L37: NVIDIA GEFORCE RTX 4060 ti | M37: C 16 L 24 | N37: M.2 500GB SSD | O37: ASUS Z790 P -PRIME | P37: WINDOWS 10 PRO | Q37: OFFICE 365 BUSINESS | R37: AUTOCAD LT2023 | T37: SKETCHUP 2024 PRO | Y37: GUARDIAN TOTAL SECURITY | Z37: 45505 | AA37: AASHMA | AD37: Active | AE37: Yes | AG37: priyanka.jawa@studiolotus.in
A38: LDS-51 | B38: Desktop | C38: aditya.pandoh@studiolotus.in | D38: Aditi Panwar | E38: Prashant Bhardwaj | F38: Workstation | G38: 89 | H38: No upgrade needed — top tier | I38: Intel ultra7 265k 3.90 GHZ | J38: 32 | K38: NO SLOT | L38: NVIDIA GEFORCE RTX 5070 | M38: 20C 20L | N38: M.2 SATA 500GB | O38: MSI PRO Z890P WITH WIFI | P38: WINDOWS 10 PRO | Q38: OFFICE 365 BUSINESS | R38: AUTOCAD LT2026 | T38: SKETCHUP 2025 PRO | X38: YES | Y38: GUARDIAN TOTAL SECURITY | AA38: INFRA | AD38: Active | AE38: Yes | AG38: aditi3641arch22@spa.ac.in
A39: LDS-53 | B39: Desktop | C39: mihir.ramani@studiolotus.in | D39: Mihir | E39: Yatin Tokas | F39: Workstation | G39: 89 | H39: No upgrade needed — top tier | I39: Intel ultra7 265k 3.90 GHZ | J39: 32 | K39: NO SLOT | L39: NVIDIA GEFORCE RTX 5070 | N39: M.2 SATA 500GB | O39: MSI PRO Z890P WITH WIFI | P39: WINDOWS 10 PRO | Q39: OFFICE 365 BUSINESS | R39: AUTOCAD LT2026 | T39: SKETCHUP 2025 PRO | X39: YES | Y39: GUARDIAN TOTAL SECURITY | AD39: Active | AE39: Yes | AG39: mihir.ramani@studiolotus.in
A40: LDS-54 | B40: Desktop | C40: sheetal@studiolotus.in | D40: SHEETAL | E40: Insiya | F40: Standard | G40: 46 | H40: Adequate for its tier — monitor | I40: INTEL i7 6700 CPU @3.40GHZ | J40: 32 | K40: NO SLOT | L40: NVIDIA GEFORCE GTX 970 | M40: C4 L8 | N40: M.2 SATA 230 GB | O40: MSI-Z170A | P40: WINDOWS 10 PRO | Q40: OFFICE 365 BUSINESS | R40: AUTOCAD LT 2026 | S40: PHOTOSHOP CC | Y40: GUARDIAN TOTAL SECURITY | AD40: Active | AE40: Yes
A41: LDS-55 | B41: Desktop | C41: harsha.singh@studiolotus.in | D41: Harsha Singh | E41: Varun | F41: Performance | G41: 63 | H41: Solid — no upgrade needed for current workload | I41: INTEL i7 10700F CPU @3.70GHZ | J41: 32 | K41: NO SLOT | L41: NVIDIA GEFORCE GTX 1660Ti | N41: 250GB SSD | O41: MSI MS-7B53 | P41: WINDOWS 10 PRO | Q41: OFFICE 365 BUSINESS | R41: AUTOCAD LT2023 | S41: PHOTOSHOP CC | T41: SKETCHUP 2024 PRO | Y41: GUARDIAN TOTAL SECURITY | AD41: Active | AE41: Yes | AG41: harsha.singh@studiolotus.in
A42: LDS-57 | B42: Desktop | C42: sarthak.sharma@studiolotus.in | D42: Sarthak Sharma | E42: Resi Id | F42: Basic | G42: 42 | H42: Adequate for its tier — monitor | I42: INTEL i7 8700K CPU @3.70GHZ | J42: 16 | K42: NO SLOT | L42: NVIDIA GEFORCE GTX 1050Ti | M42: 6 C 12 L | N42: 250GB SSD | O42: GIGABYTE H370M D3H | P42: WINDOWS 10 PRO | Q42: OFFICE 365 BUSINESS | R42: AUTOCAD LT2025 | S42: PHOTOSHOP CC | Y42: GUARDIAN TOTAL SECURITY | AD42: Active | AE42: Yes | AG42: sarthak.sharma@studiolotus.in
A43: LDS-58 | B43: Desktop | C43: anishaa.kashyap@studiolotus.in | D43: Randhir | E43: Insiya | F43: Basic | G43: 42 | H43: Adequate for its tier — monitor | I43: INTEL i7 8700K CPU @3.70GHZ | J43: 16 | K43: NO SLOT | L43: NVIDIA GEFORCE GTX 1050Ti | M43: C4 L8 | N43: 256 GB SSD | O43: GIGABYTE H370M D3H | P43: WINDOWS 10 PRO | Q43: OFFICE 365 BUSINESS | R43: AUTOCAD LT 2019 | Y43: GUARDIAN TOTAL SECURITY | AD43: Active | AE43: Yes | AG43: randhir.kumar@studiolotus.in
A44: LDS-59 | B44: Desktop | C44: ambar.agarwal@studiolotus.in | D44: Ambar Agarwal | E44: Resi Id | F44: Basic | G44: 42 | H44: Adequate for its tier — monitor | I44: INTEL i7 8700K CPU @3.70GHZ | J44: 16 | K44: NO SLOT | L44: NVIDIA GEFORCE GTX 1050Ti | M44: 6 C 12 L | N44: INTEL 250 GB SSD | O44: GIGABYTE B360M GAMING HD | P44: WINDOWS 10 PRO | Q44: OFFICE 365 BUSINESS | R44: AUTOCAD LT2025 | Y44: GUARDIAN TOTAL SECURITY | AD44: Active | AE44: Yes | AG44: ambaragarwal7459@gmail.com
A45: LDS-60 | B45: Desktop | C45: naba.jyoti@studiolotus.in | D45: Naba Jyoti | E45: Swati | F45: Basic | G45: 42 | H45: Adequate for its tier — monitor | I45: INTEL i7 8700K CPU @3.70GHZ | J45: 16 | K45: NO SLOT | L45: NVIDIA GEFORCE GTX 1050Ti | M45: 6 C L12 | N45: 250GB SSD | O45: GIGABYTE B360M GAMING HD | P45: WINDOWS 10 PRO | Q45: OFFICE 365 BUSINESS | R45: AUTOCAD LT2023 | Y45: GUARDIAN TOTAL SECURITY | AD45: Active | AE45: Yes
A46: LDS-61 | B46: Desktop | C46: kadambari@studiolotus.in | D46: Kadm | E46: Neelam Das | F46: Basic | G46: 42 | H46: Adequate for its tier — monitor | I46: INTEL i7 8700K CPU @3.70GHZ | J46: 16 | K46: NO SLOT | L46: NVIDIA GEFORCE GTX 1050Ti | M46: 6C L12 | N46: 250GB SSD | O46: GIGABYTE B360M GAMING HD | P46: WINDOWS 10 PRO | Q46: OFFICE 365 BUSINESS | R46: AUTOCAD LT2023 | Y46: GUARDIAN TOTAL SECURITY | AD46: Active | AE46: Yes
A47: LDS-62 | B47: Desktop | C47: kimaya.kamat@studiolotus.in | D47: Kimaya Kamat | E47: Neelam Das | F47: Basic | G47: 42 | H47: Adequate for its tier — monitor | I47: INTEL i7 8700K CPU @3.70GHZ | J47: 16 | K47: NO SLOT | L47: NVIDIA GEFORCE GTX 1050Ti | N47: 250GB SSD | O47: GIGABYTE B360M GAMING HD | P47: WINDOWS 10 PRO | Q47: OFFICE 365 BUSINESS | R47: AUTOCAD LT2023 | S47: PHOTOSHOP CC | Y47: GUARDIAN TOTAL SECURITY | AD47: Active | AE47: Yes | AG47: kimkamat24@gmail.com
A48: LDS-64 | B48: Desktop | C48: sujata.kumari@studiolotus.in | D48: Sujata | E48: Neelam Das | F48: Basic | G48: 42 | H48: Adequate for its tier — monitor | I48: INTEL i7 8700K CPU @3.70GHZ | J48: 16 | K48: NO SLOT | L48: NVIDIA GEFORCE GTX 1050Ti | M48: 6C L12 | N48: 256GB SSD | O48: GIGABYTE B360M GAMING HD | P48: WINDOWS 10 PRO | Q48: OFFICE 365 BUSINESS | R48: AUTOCAD LT2024 | T48: SKETCHUP 2024 PRO | Y48: GUARDIAN TOTAL SECURITY | AD48: Active | AE48: Yes | AG48: sujata.kumari@studiolotus.in
A49: LDS-65 | B49: Desktop | E49: It Team | F49: Basic | G49: 30 | H49: GPU cannot drive modern 3D — replace with RTX 4060 or better | I49: INTEL i7 4700K CPU @3.70GHZ | J49: 16 | K49: NO SLOT | L49: NVIDIA GEFORCE GTX 750Ti | N49: 240GB SSD | O49: MSI Z170A 7971 | P49: WINDOWS 10 PRO | Q49: OFFICE 365 BUSINESS | R49: AUTOCAD LT2023 | Y49: GUARDIAN TOTAL SECURITY | AD49: Active
A50: LDS-68 | B50: Desktop | C50: vishal.kumar@studiolotus.in | D50: Vishal | E50: Prashant Bhardwaj | F50: Basic | G50: 42 | H50: Adequate for its tier — monitor | I50: INTEL i7 8700K CPU @3.70GHZ | J50: 16 | K50: NO SLOT | L50: NVIDIA GEFORCE GTX 1050Ti | M50: 6 C 12 L | N50: M.2 SATA 240GB | O50: GIGABYTE B360M GAMING HD | P50: WINDOWS 10 PRO | Q50: OFFICE 365 BUSINESS | R50: AUTOCAD LT2023 | T50: SKETCHUP 2025 PRO | Y50: GUARDIAN TOTAL SECURITY | AD50: Active | AE50: Yes | AG50: vishal.kumar@studiolotus.in
A51: LDS-72 | B51: Desktop | C51: abdul@studiolotus.in | D51: Abdul Kalam | E51: Neelam Das | F51: Basic | G51: 42 | H51: Adequate for its tier — monitor | I51: INTEL i7 8700K CPU @3.70GHZ | J51: 16 | K51: NO SLOT | L51: NVIDIA GEFORCE GTX 1050Ti | M51: 6C L12 | N51: 240GB SSD | O51: GIGABYTE B360M GAMING HD | P51: WINDOWS 10 PRO | Q51: OFFICE 365 BUSINESS | R51: AUTOCAD LT2023 | T51: SKETCHUP 2024 PRO | Y51: GUARDIAN TOTAL SECURITY | AD51: Active | AE51: Yes | AG51: abdul@studiolotus.in
A52: LDS-73 | B52: Desktop | C52: anishaa.kashyap@studiolotus.in | D52: Anisha Kashyap | E52: Insiya | F52: Basic | G52: 42 | H52: Adequate for its tier — monitor | I52: INTEL i7 8700K CPU @3.70GHZ | J52: 16 | K52: NO SLOT | L52: NVIDIA GEFORCE GTX 1050Ti | N52: 240GB SSD | O52: GIGABYTE B360M GAMING HD | P52: WINDOWS 10 PRO | Q52: OFFICE 365 BUSINESS | R52: AUTOCAD LT 2026 | T52: SKETCHUP 2024 PRO | Y52: GUARDIAN TOTAL SECURITY | AD52: Active | AE52: Yes | AG52: anisha.khandelwal@studiolotus.in
A53: LDS-75 | B53: Desktop | E53: It Team | F53: Basic | G53: 43 | H53: Adequate for its tier — monitor | I53: INTEL i7 4700K CPU @3.70GHZ | J53: 32 | K53: NO SLOT | L53: NVIDIA GEFORCE GTX 970 | N53: 240GB SSD | O53: MSI Z370-A PRO | P53: WINDOWS 10 PRO | Q53: OFFICE 365 BUSINESS | R53: AUTOCAD LT2023 | Y53: GUARDIAN TOTAL SECURITY | AD53: Active | AE53: Yes
A54: LDS-76 | B54: Desktop | C54: siddharth.ramkumar@studiolotus.in | D54: Siddharth Ram | E54: Swati | F54: Basic | G54: 42 | H54: Adequate for its tier — monitor | I54: INTEL i7 8700K CPU @3.70GHZ | J54: 16 | K54: 1 SLOT | L54: NVIDIA GEFORCE GTX 1050Ti | M54: 6 C L12 | N54: 240GB SSD | O54: GIGABYTE B360M GAMING HD | P54: WINDOWS 10 PRO | Q54: OFFICE 365 BUSINESS | R54: AUTOCAD LT2023 | T54: SKETCHUP 2024 PRO | Y54: GUARDIAN TOTAL SECURITY | AD54: Active | AE54: Yes | AG54: siddharth.ramkumar@studiolotus.in
A55: LDS-56 | B55: Desktop | C55: anandita.narula@studiolotus.in | D55: Anadita | E55: Resi Id | F55: Workstation | G55: 90 | H55: No upgrade needed — top tier | I55: Intel ultra7 265k 3.90 GHZ | J55: 64 | K55: 4 SLOT | L55: NVIDIA GEFORCE RTX 5060 TI | M55: 8 C 16L | N55: M.2 SATA 500GB | O55: GIGABYTE Z590M GAMING HD | P55: WINDOWS 10 PRO | Q55: OFFICE 365 BUSINESS | R55: AUTOCAD LT2026 | S55: Photoshopcc | X55: YES | Y55: GUARDIAN TOTAL SECURITY | AA55: INFRA | AD55: Active | AE55: Yes
A56: LDS-78 | B56: Desktop | C56: amar.pali@studiolotus.in | D56: Amar Pali | E56: Neelam Das | F56: Workstation | G56: 89 | H56: No upgrade needed — top tier | I56: Intel ultra7 265k 3.90 GHZ | J56: 32 | K56: NO SLOT | L56: NVIDIA GEFORCE RTX 5070 | N56: M.2 SATA 500GB | O56: MSI PRO Z890P WITH WIFI | P56: WINDOWS 10 PRO | Q56: OFFICE 365 BUSINESS | R56: AUTOCAD LT2023 | T56: SKETCHUP 2024 PRO | Y56: GUARDIAN TOTAL SECURITY | AA56: INFRA | AD56: Active | AE56: Yes
A57: LDS-79 | B57: Desktop | E57: It Team | F57: Standard | G57: 48 | H57: Adequate for its tier — monitor | I57: Intel i7-4700k CPU @3.60GHZ | J57: 64 | K57: NO SLOT | L57: NVIDIA GEFORCE GTX 970 | N57: 240GB SSD | O57: MSI Z370-A PRO | P57: WINDOWS 10 PRO | Q57: OFFICE 365 BUSINESS | R57: AUTOCAD LT2023 | Y57: GUARDIAN TOTAL SECURITY | AD57: Active
A58: LDS-80 | B58: Desktop | C58: kashish.singh@studiolotus.in | D58: Kashish | E58: Yatin Tokas | F58: Standard | G58: 60 | H58: Adequate for its tier — monitor | I58: Intel i7-9700k CPU @3.60GHZ | J58: 16 | K58: NO SLOT | L58: NVIDIA GEFORCE RTX 2080 | M58: C 8 L8 | N58: M.2 SATA 256GB | O58: MSI Z370-A PRO | P58: WINDOWS 10 PRO | Q58: OFFICE 365 BUSINESS | R58: AUTOCAD LT2029 | V58: YES | Y58: GUARDIAN TOTAL SECURITY | AD58: Active | AE58: Yes | AG58: kashish.singh@studiolotus.in
A59: LDS-81 | B59: Desktop | C59: ankeeta@studiolotus.in | D59: Ankeeta | E59: Prashant Bhardwaj | F59: Standard | G59: 49 | H59: Adequate for its tier — monitor | I59: Intel i7-9700k CPU @3.60GHZ | J59: 16 | K59: NO SLOT | L59: NVIDIA GEFORCE GTX 1650 | M59: 6 C 12 L | N59: M.2 SATA 256GB | O59: MSI Z370-A PRO | P59: WINDOWS 10 PRO | Q59: OFFICE 365 BUSINESS | R59: AUTOCAD LT2023 | T59: SKETCHUP 2024 PRO | Y59: GUARDIAN TOTAL SECURITY | AD59: Active | AE59: Yes | AG59: ankeeta@studiolotus.in
A60: LDS-82 | B60: Desktop | C60: neha.keshri@studiolotus.in | D60: Neha | E60: Neelam Das | F60: Standard | G60: 49 | H60: Adequate for its tier — monitor | I60: Intel i7-9700k CPU @3.60GHZ | J60: 16 | K60: 2 SLOT | L60: NVIDIA GEFORCE GTX 1650 | N60: M.2 SATA 256GB | O60: MSI Z370-A PRO | P60: WINDOWS 10 PRO | Q60: OFFICE 365 BUSINESS | R60: AUTOCAD LT2023 | T60: SKETCHUP 2024 PRO | Y60: GUARDIAN TOTAL SECURITY | AD60: Active | AE60: Yes | AG60: neha.keshri@studiolotus.in
A61: LDS-83 | B61: Desktop | E61: Amita | F61: Standard | G61: 55 | H61: Adequate for its tier — monitor | I61: Intel i7-10700F CPU@2.90GHZ | J61: 16 | K61: 2 SLOT | L61: NVIDIA GEFORCE 1660 GTX GALEX | N61: M.2 500GB SSD | O61: GIGABYTE Z590 arouse elite | P61: WINDOWS 10 PRO | Q61: OFFICE 365 BUSINESS | R61: AUTOCAD LT2023 | S61: PHOTOSHOP CC/INDESIGN/ /Illustrator | T61: SKETCHUP 2024 PRO | Y61: GUARDIAN TOTAL SECURITY | AD61: Active | AE61: Yes
A62: LDS-84 | B62: Desktop | C62: devenpreet@studiolotus.in | D62: Deven | E62: Swati | F62: Standard | G62: 49 | H62: Adequate for its tier — monitor | I62: Intel i7-9700k CPU @3.60GHZ | J62: 16 | K62: 2 SLOT | L62: NVIDIA GEFORCE GTX 1650 | M62: 8C L8 | N62: M.2 SATA 256GB | O62: MSI Z390-A PRO | P62: WINDOWS 10 PRO | Q62: OFFICE 365 BUSINESS | R62: AUTOCAD LT2026 | Y62: GUARDIAN TOTAL SECURITY | AD62: Active | AE62: Yes
A63: LDS-85 | B63: Desktop | C63: ananya.bhardwaj@studiolotus.in | D63: Ananya | E63: Neelam Das | F63: Standard | G63: 49 | H63: Adequate for its tier — monitor | I63: Intel i7-9700k CPU @3.60GHZ | J63: 16 | K63: NO SLOT | L63: NVIDIA GEFORCE GTX 1650 | N63: M.2 SATA 256GB | O63: MSI Z390-A PRO | P63: WINDOWS 10 PRO | Q63: OFFICE 365 BUSINESS | R63: AUTOCAD LT2026 | S63: PHOTOSHOP CC | Y63: GUARDIAN TOTAL SECURITY | AD63: Active | AG63: ananya.bhardwaj@studiolotus.in
A64: LDS-86 | B64: Desktop | C64: alpika.pandey@studiolotus.in | D64: Alpika Pandey | E64: Swati | F64: Basic | G64: 42 | H64: Upgrade RAM to at least 16GB (currently 8GB) | I64: Intel i7-9700k CPU @3.60GHZ | J64: 8 | K64: NO SLOT | L64: NVIDIA GEFORCE GTX 1650 | M64: 6 C L12 | N64: M.2 SATA 256GB | O64: MSI Z390-A PRO | P64: WINDOWS 10 PRO | Q64: OFFICE 365 BUSINESS | R64: AUTOCAD LT2023 | Y64: GUARDIAN TOTAL SECURITY | AD64: Active | AE64: Yes | AG64: alpika.pandey@studiolotus.in
A65: LDS-87 | B65: Desktop | C65: vijeet.shah@studiolotus.in | D65: Vijjet | E65: Swati | F65: Standard | G65: 47 | H65: Strong CPU paired with weak GPU — add an RTX 4060+ for viz | I65: Intel i7-10700F CPU@2.90GHZ | J65: 16 | K65: 2 SLOT | L65: NVIDIA GEFORCE GTX 1050Ti | M65: 6 C L12 | N65: 500GB WD SSD | O65: ASUS Z590 | P65: WINDOWS 10 PRO | Q65: OFFICE 365 BUSINESS | R65: AUTOCAD LT2023 | Y65: GUARDIAN TOTAL SECURITY | Z65: 44378 | AA65: JATIN | AD65: Active | AE65: Yes
A66: LDS-89 | B66: Desktop | C66: maitrayee@studiolotus.in | D66: Maitrayee | E66: Resi Id | F66: Standard | G66: 55 | H66: Strong CPU paired with weak GPU — add an RTX 4060+ for viz | I66: Intel i7-10700F CPU@2.90GHZ | J66: 32 | K66: 2 SLOT | L66: NVIDIA GEFORCE GTX 1050Ti 4GB | M66: 8 C 16L | N66: 500GB WD SSD | O66: GIGABYTE Z590 M | P66: WINDOWS 10 PRO | Q66: OFFICE 365 BUSINESS | R66: AUTOCAD LT2026 | T66: SKETCHUP 2026 PRO | Y66: GUARDIAN TOTAL SECURITY | Z66: 44378 | AA66: JATIN | AD66: Active | AE66: Yes | AG66: maitrayee@studiolotus.in
A67: LDS-90 | B67: Desktop | C67: deepak@studiolotus.in | D67: Jagdish | E67: Yatin Tokas | F67: Standard | G67: 55 | H67: Strong CPU paired with weak GPU — add an RTX 4060+ for viz | I67: Intel i7-10700F CPU@2.90GHZ | J67: 32 | K67: NO SLOT | L67: NVIDIA GEFORCE GTX 1050Ti | M67: C 8L 16 | N67: 500GB WD SSD | O67: ASUS Z592 | P67: WINDOWS 10 PRO | Q67: OFFICE 365 BUSINESS | R67: AUTOCAD LT2026 | S67: ADOBE CS6 FULL | Y67: GUARDIAN INTERNET SECURITY | Z67: 44378 | AA67: JATIN | AD67: Active | AE67: Yes | AG67: jagdish.samal@studiolotus.in
A68: LDS-91 | B68: Desktop | C68: shailen.sharma@studiolotus.in | D68: Shailen | E68: Neelam Das | F68: Performance | G68: 63 | H68: Solid — no upgrade needed for current workload | I68: Intel i7-10700F CPU@2.90GHZ | J68: 32 | K68: NO SLOT | L68: NVIDIA GEFORCE 1660 GTX GALEX | M68: 8 CL16 | N68: M.2 SATA 500GB | O68: GIGABYTE Z590D | P68: WINDOWS 10 PRO | Q68: OFFICE 365 BUSINESS | R68: AUTOCAD LT2023 | T68: SKETCHUP 2024 PRO | Y68: GUARDIAN TOTAL SECURITY | Z68: 44682 | AA68: JATIN | AD68: Active | AE68: Yes | AG68: shailen.sharma@studiolotus.in
A69: LDS-92 | B69: Desktop | C69: rida@studiolotus.in | D69: Rida | E69: Varun | F69: Performance | G69: 63 | H69: Solid — no upgrade needed for current workload | I69: Intel i7-10700F CPU@2.90GHZ | J69: 32 | K69: NO SLOT | L69: NVIDIA GEFORCE 1660 GTX GALEX | N69: M.2 SATA 500GB | O69: GIGABYTE Z590D | P69: WINDOWS 10 PRO | Q69: OFFICE 365 BUSINESS | R69: AUTOCAD LT2026 | T69: SKETCHUP 2025 PRO | Y69: GUARDIAN TOTAL SECURITY | Z69: 44682 | AA69: JATIN | AD69: Active | AE69: Yes | AG69: rida@studiolotus.in
A70: LDS-93 | B70: Desktop | C70: kishan@studiolotus.in | D70: Kishan | E70: Varun | F70: Workstation | G70: 89 | H70: No upgrade needed — top tier | I70: Intel ultra7 265k 3.90 GHZ | J70: 32 | L70: NVIDIA GEFORCE RTX 5070 | N70: M.2 SATA 500GB | O70: MSI PRO Z890P WITH WIFI | P70: WINDOWS 10 PRO | Q70: OFFICE 365 BUSINESS | R70: AUTOCAD LT2026 | S70: PHOTOSHOP CC | Y70: GUARDIAN TOTAL SECURITY | AA70: INFRA | AD70: Active | AE70: Yes
A71: LDS-94 | B71: Desktop | E71: Swati | F71: Standard | G71: 56 | H71: Adequate for its tier — monitor | I71: INTEL i7 8700K CPU @3.70GHZ | J71: 64 | K71: NO SLOT | L71: NVIDIA GEFORCE GTX 1050Ti | M71: 6 C L12 | N71: 250GB SSD | O71: GIGABYTE B360M GAMING HD | P71: WINDOWS 10 PRO | Q71: OFFICE 365 BUSINESS | R71: AUTOCAD LT2023 | Y71: GUARDIAN TOTAL SECURITY | AD71: Active
A72: LDS-96 | B72: Desktop | E72: Resi Id | F72: Performance | G72: 63 | H72: Solid — no upgrade needed for current workload | I72: Intel i7-10700F CPU@2.90GHZ | J72: 32 | K72: 2 SLOT | L72: NVIDIA GEFORCE 1660 GTX GALEX | N72: M.2 SATA 500GB | O72: GIGABYTE Z590D | P72: WINDOWS 10 PRO | Q72: OFFICE 365 BUSINESS | R72: AUTOCAD LT2023 | Y72: GUARDIAN TOTAL SECURITY | Z72: 44682 | AA72: JATIN | AD72: Active | AE72: Yes
A73: LDS-97 | B73: Desktop | C73: huda.@studiolotus.in | D73: Huda | E73: Neelam Das | F73: Basic | G73: 42 | H73: Adequate for its tier — monitor | I73: INTEL i7 8700K CPU @3.70GHZ | J73: 16 | K73: NO SLOT | L73: NVIDIA GEFORCE GTX 1050Ti | M73: C 6 L 12 | N73: M.2 SATA 500GB | O73: GIGABYTE B360M GAMING HD | P73: WINDOWS 10 PRO | Q73: OFFICE 365 BUSINESS | R73: AUTOCAD LT2026 | S73: PHOTOSHOP CC | Y73: GUARDIAN TOTAL SECURITY | AD73: Active | AG73: huda@studiolotus.in
A74: LDS-98 | B74: Desktop | C74: abiyah.grace@studiolotus.in | D74: Abiyah Grace | E74: Yatin Tokas | F74: Standard | G74: 50 | H74: Adequate for its tier — monitor | I74: Intel i7-8700F CPU@2.90GHZ | J74: 16 | K74: NO SLOT | L74: NVIDIA GEFORCE 1660 GTX GALEX | N74: 250GB SSD | O74: GIGABYTE Z590D | P74: WINDOWS 10 PRO | Q74: OFFICE 365 BUSINESS | R74: AUTOCAD LT 2026 | Y74: GUARDIAN TOTAL SECURITY | Z74: 44743 | AA74: INFRA | AD74: Active | AG74: abiyah.grace@studiolotus.in
A75: LDS-100 | B75: Desktop | C75: jahnavi.joshi@studiolotus.in | D75: Puru Bhatia | E75: Prajwal | F75: Performance | G75: 63 | H75: Solid — no upgrade needed for current workload | I75: Intel i7-10700F CPU@2.90GHZ | J75: 32 | K75: NO SLOT | L75: NVIDIA GEFORCE 1660 GTX GALEX | N75: M.2 SATA 500GB | O75: GIGABYTE Z590D | P75: WINDOWS 10 PRO | Q75: OFFICE 365 BUSINESS | R75: AUTOCAD LT2023 | Y75: GUARDIAN TOTAL SECURITY | Z75: 44743 | AA75: INFRA | AD75: Active | AE75: Yes | AG75: puru.bhatia@studiolotus.in
A76: LDS-102 | B76: Desktop | C76: athrav@studiolotus.in | D76: Atharv | E76: Amita | F76: Performance | G76: 74 | H76: Modern GPU bottlenecked by old CPU — plan full refresh | I76: INTEL i7 1300KF CPU @3.40 GHZ | J76: 64 | K76: NO SLOT | L76: NVIDIA GEFORCE RTX 4090 | N76: M.2 SATA 1 TB*2 | O76: ASUS Z790 P -PRIME | P76: WINDOWS 10 PRO | Q76: OFFICE 365 BUSINESS | R76: AUTOCAD LT2023 | S76: PHOTOSHOP CC | T76: SKETCHUP 2024 PRO | U76: 3DS MAX 2023 | X76: remotesupport@studiolotus.in | Y76: GUARDIAN TOTAL SECURITY | Z76: 45231 | AA76: AASHMA | AD76: Active | AE76: Yes | AG76: atharv@studiolotus.in
A77: LDS-104 | B77: Desktop | C77: suhani.khandelwal@studiolotus.in | D77: Suhani | E77: Prajwal | F77: Performance | G77: 72 | H77: GPU is capable but RAM (16GB) bottlenecks rendering — add to 32GB | I77: Intel i7-13700kF CPU@2.90GHZ | J77: 16 | K77: 2 SLOT | L77: NVIDIA GEFORCE RTX 4060 ti | N77: M.2 500GB SSD | O77: ASUS Z790 P -PRIME | P77: WINDOWS 10 PRO | Q77: OFFICE 365 BUSINESS | R77: AUTOCAD LT2023 | T77: SKETCHUP 2024 PRO | Y77: GUARDIAN TOTAL SECURITY | Z77: 45555 | AA77: AASHMA | AD77: Active | AE77: Yes | AG77: suhani.khandelwal@studiolotus.in
A78: LDS-105 | B78: Desktop | C78: sharan.s@studiolotus.in | D78: Sharan.S | E78: Swati | F78: Basic | G78: 39 | H78: Adequate for its tier — monitor | I78: INTEL i5 8400K CPU @3.70GHZ | J78: 16 | K78: 1 SLOT | L78: NVIDIA GEFORCE GTX 1050Ti | M78: 6 C L12 | N78: 240GB SSD | O78: GIGABYTE B360M GAMING HD | P78: WINDOWS 10 PRO | Q78: OFFICE 365 BUSINESS | R78: AUTOCAD LT2023 | Z78: 2017 | AD78: Active | AE78: Yes
A79: LDS-107 | B79: Desktop | C79: vishal.dubey@studiolotus.in | D79: Vishal | E79: Yatin Tokas | F79: Performance | G79: 69 | H79: GPU is capable but RAM (24GB) bottlenecks rendering — add to 32GB | I79: INTEL i7 10700KF CPU @3.40GHZ | J79: 24 | K79: 2 SLOT | L79: NVIDIA GEFORCE RTX 4060 ti | M79: C 8L 16 | N79: M.2 500GB SSD | O79: GIGABYTE B360M GAMING HD | P79: WINDOWS 10 PRO | Q79: OFFICE 365 BUSINESS | R79: AUTOCAD LT2026 | V79: yes | Y79: GUARDIAN INTERNET SECURITY | AD79: Active | AE79: Yes | AG79: vishal.kumar@studiolotus.in
A80: LDS-109 | B80: Desktop | C80: rashika.lungani@studiolotus.in | D80: Rashika | E80: Insiya | F80: Standard | G80: 61 | H80: GPU is capable but RAM (16GB) bottlenecks rendering — add to 32GB | I80: INTEL i7 8700K CPU @3.70GHZ | J80: 16 | K80: 2 SLOT | L80: NVIDIA GEFORCE RTX 4060 ti | M80: C 6 L 12 | N80: 250 GB | O80: GIGABYTE B360M GAMING HD | P80: WINDOWS 10 PRO | Q80: OFFICE 365 BUSINESS | R80: AUTOCAD LT 2026 | S80: PHOTOSHOP CC | T80: SKETCHUP 2024 PRO | Y80: GUARDIAN TOTAL SECURITY | AD80: Active | AE80: Yes | AG80: rashika.lungani@studiolotus.in
A81: LDS-110 | B81: Desktop | D81: Karthick.R | E81: Yatin Tokas | F81: Workstation | G81: 84 | H81: No upgrade needed — top tier | I81: INTEL i7 14700F@3.70 GHZ | J81: 32 | L81: NVIDIA GEFORCE RTX 5060 ti | M81: C 8L 16 | N81: M.2 500GB SSD | O81: MSI-B370 CHIPSET | Z81: 46082 | AA81: INFRA | AD81: Active
A82: LDS-111 | B82: Desktop | C82: sanya.mathur@studiolotus.in | D82: Sanya Mathur | E82: Insiya | F82: Workstation | G82: 84 | H82: No upgrade needed — top tier | I82: INTEL i7 14700F@3.70 GHZ | J82: 32 | L82: NVIDIA GEFORCE RTX 5060 ti | M82: C 8L 16 | N82: M.2 500GB SSD | O82: MSI-B370 CHIPSET | Z82: 46082 | AA82: INFRA | AD82: Active | AG82: sanya.mathur@studiolotus.in
A83: LDS-112 | B83: Desktop | C83: abhijeet.roy@studiolotus.in | D83: Abhijeet | E83: Neelam Das | F83: Workstation | G83: 84 | H83: No upgrade needed — top tier | I83: INTEL i7 14700F@3.70 GHZ | J83: 32 | L83: NVIDIA GEFORCE RTX 5060 ti | M83: C 8L 16 | N83: M.2 500GB SSD | O83: MSI-B370 CHIPSET | Z83: 46082 | AA83: INFRA | AD83: Active | AG83: abhijeet.roy@studiolotus.in
A84: LDS-113 | B84: Desktop | D84: Corner Meeting Room | E84: Corner Meeting Room | F84: Workstation | G84: 84 | H84: No upgrade needed — top tier | I84: INTEL i7 14700F@3.70 GHZ | J84: 32 | L84: NVIDIA GEFORCE RTX 5060 ti | M84: C 8L 16 | N84: M.2 500GB SSD | O84: MSI-B370 CHIPSET | Z84: 46082 | AA84: INFRA | AD84: Active
A85: LDS-114 | B85: Desktop | D85: Third Floor Meeting Room | E85: Third Floor Meeting Room | F85: Workstation | G85: 84 | H85: No upgrade needed — top tier | I85: INTEL i7 14700F@3.70 GHZ | J85: 32 | L85: NVIDIA GEFORCE RTX 5060 ti | M85: C 8L 16 | N85: M.2 500GB SSD | O85: MSI-B370 CHIPSET | Z85: 46082 | AA85: INFRA | AD85: Active
A86: SERVER | B86: Desktop | D86: Server | E86: Admin | F86: Basic | G86: 36 | H86: GPU cannot drive modern 3D — replace with RTX 4060 or better | I86: INTEL XEON E5607 | J86: 32 | L86: NO GRAPHIC CARD | N86: 4TB+4TB+3TB+3TB+128 SSD | O86: IBM 6941101 | P86: WINDOWS SERVER 2012R2 | Y86: QUICK HEAL SEVER EDITION | AD86: Active
A87: SERVER-01 | B87: Desktop | D87: Server-01 | E87: Admin | F87: Basic | G87: 36 | H87: GPU cannot drive modern 3D — replace with RTX 4060 or better | I87: INTEL XEON 3106 | J87: 32 | L87: NO GRAPHIC CARD | N87: 240GB SSD+4TB*4+6TBEXT*2 | O87: THINK SYSTEM SR550 | P87: WINDOWS SERVER 2008R2 | Y87: QUICK HEAL SEVER EDITION | AD87: Active
A88: ACOOUNT ROOM | B88: Desktop | D88: Acoount Room | E88: Admin | F88: Entry | G88: 29 | H88: Adequate for its tier — monitor | I88: INTEL i7 2600K CPU @3.40GHZ | J88: 16 | K88: 1 SLOT | L88: NVIDIA QUARDO K620 | N88: 120 GB SSD | O88: INTEL DB67BL | AD88: Active
A89: LDS-18 | B89: Desktop | C89: itsupport@studiolotus.in | D89: Nitayee Das | E89: Admin | F89: Entry | G89: 23 | H89: GPU cannot drive modern 3D — replace with RTX 4060 or better | I89: INTEL i7 2700K CPU @3.40 GHZ | J89: 16 | K89: 2 SLOT | L89: NO GRAPHIC CARD | N89: 240GB SSD+500 GB | O89: INTEL DH 67BL | P89: WINDOWS 10 PRO | Q89: OFFICE 365 BUSINESS | R89: AUTOCAD LT2019 | Y89: GUARDIAN TOTAL SECURITY | AD89: Active | AG89: itsupport@studiolotus.in
A90: LDS-24 | B90: Desktop | D90: Scanner System | E90: Admin | F90: Entry | G90: 17 | H90: Fully obsolete for design — retire or reassign to docs-only role | I90: INTEL i7 3770K CPU @3.40 GHZ | J90: 8 | K90: 2 SLOT | L90: NO GRAPHIC CARD | N90: 250 GB | O90: INTEL DB75EN | P90: WINDOWS 10 PRO | Q90: OFFICE 365 BUSINESS | R90: AUTOCAD LT2019 | Y90: GUARDIAN TOTAL SECURITY | AD90: Active
A91: LDS-27 | B91: Desktop | C91: kavita@studiolotus.in | D91: Kavita | E91: Admin | F91: Basic | G91: 40 | H91: Strong CPU paired with weak GPU — add an RTX 4060+ for viz · GPU cannot drive modern 3D — replace with RTX 4060 or better | I91: Intel i7-11700F CPU@2.90GHZ | J91: 16 | K91: NO SLOT | L91: NO GRAPHIC CARD | N91: 1 TB HDD | O91: Dell Optiplex AIO INTEL | P91: WINDOWS 10 PRO | Z91: 44835 | AA91: KADAM | AD91: Active | AG91: kavita@studiolotus.in
A92: LDS-32 | B92: Desktop | D92: Acoount Room System | E92: Admin | F92: Entry | G92: 17 | H92: Fully obsolete for design — retire or reassign to docs-only role | I92: INTEL i7 2100 CPU @3.10GHZ | J92: 8 | K92: NO SLOT | L92: NO GRAPHIC CARD | N92: 500 GB | O92: INTEL DH 61WW | P92: WINDOWS 10 PRO | Q92: OFFICE 365 BUSINESS | Y92: GUARDIAN TOTAL SECURITY | AD92: Active
A93: LDS-40 | B93: Desktop | C93: rajendra@studiolotus.in | D93: Rajendra | E93: Admin | F93: Basic | G93: 38 | H93: Upgrade RAM to at least 16GB (currently 12GB) · Strong CPU paired with weak GPU — add an RTX 4060+ for viz · GPU cannot drive modern 3D — replace with RTX 4060 or better | I93: Intel i7-13700kF CPU@2.90GHZ | J93: 12 | K93: 1 SLOT | L93: NO GRAPHIC CARD | N93: M.2 500GB SSD | O93: ASUS Z790 -P PRIME | P93: WINDOWS 10 PRO | Q93: OFFICE 365 BUSINESS | Y93: GUARDIAN INTERNET SECURITY | Z93: 45375 | AA93: AASHMA | AD93: Active | AG93: rajendra@studiolotus.in
A94: LDS-63 | B94: Desktop | D94: Round Table Meeting Room | E94: Admin | F94: Basic | G94: 42 | H94: Adequate for its tier — monitor | I94: INTEL i7 8700 CPU @3.40GHZ | J94: 16 | K94: 2 SLOT | L94: NVIDIA GEFORCE GTX 1050 | N94: 250 GB SSD | O94: MSI MS-7971(H170A) | P94: WINDOWS 10 PRO | Q94: OFFICE 365 BUSINESS | R94: AUTOCAD LT2019 | T94: SKETCHUP 2024 PRO | Y94: GUARDIAN TOTAL SECURITY | AD94: Active
A95: LDS-66 | B95: Desktop | D95: Fish Box Meeting Room | E95: Admin | F95: Basic | G95: 33 | H95: Upgrade RAM to at least 16GB (currently 8GB) | I95: INTEL i5 8400K CPU @3.70GHZ | J95: 8 | K95: 1 SLOT | L95: NVIDIA GEFORCE GTX 1050Ti | N95: 240GB SSD | O95: GIGABYTE B360M GAMING HD | P95: WINDOWS 10 PRO | Q95: OFFICE 365 BUSINESS | R95: AUTOCAD LT2019 | T95: SKETCHUP 2024 PRO | Y95: GUARDIAN TOTAL SECURITY | AD95: Active
A96: LDS-67 | B96: Desktop | D96: Board Meeting Room | E96: Admin | F96: Standard | G96: 55 | H96: Adequate for its tier — monitor | I96: Intel i7-10700F CPU@2.90GHZ | J96: 16 | K96: 2 SLOT | L96: NVIDIA GEFORCE RTX 1660 | N96: M.2 500GB SSD | O96: GIGABYTE B360M GAMING HD | P96: WINDOWS 10 PRO | Q96: OFFICE 365 BUSINESS | R96: AUTOCAD LT2019 | T96: SKETCHUP 2024 PRO | Y96: GUARDIAN TOTAL SECURITY | AD96: Active
A97: LDS-69 | B97: Desktop | D97: Glass Block Room | E97: Admin | F97: Standard | G97: 47 | H97: Strong CPU paired with weak GPU — add an RTX 4060+ for viz | I97: Intel i7-10700F CPU@2.90GHZ | J97: 16 | K97: 2 SLOT | L97: NVIDIA GEFORCE RTX 1050 ti | N97: M.2 500GB SSD | O97: GIGABYTE Z590M | P97: WINDOWS 10 PRO | Q97: OFFICE 365 BUSINESS | R97: AUTOCAD LT2019 | T97: SKETCHUP 2024 PRO | Y97: GUARDIAN TOTAL SECURITY | AD97: Active
A98: LDS-70 | B98: Desktop | D98: Corner Room | E98: Admin | F98: Basic | G98: 42 | H98: Adequate for its tier — monitor | I98: INTEL i7 8700K CPU @3.70GHZ | J98: 16 | K98: NO SLOT | L98: NVIDIA GEFORCE GTX 1050Ti | N98: M.2 SATA 256GB | O98: GIGABYTE B360M GAMING HD | P98: WINDOWS 10 PRO | Q98: OFFICE 365 BUSINESS | R98: AUTOCAD LT2019 | T98: SKETCHUP 2024 PRO | AD98: Active
A99: LDS-88 | B99: Desktop | D99: Innovation Room | E99: Admin | F99: Standard | G99: 50 | H99: Adequate for its tier — monitor | I99: INTEL i7 8700K CPU @3.70GHZ | J99: 32 | K99: 2 SLOT | L99: NVIDIA GEFORCE GTX 1050Ti | N99: 500GB WD SSD | O99: GIGABYTE B360M GAMING HD | P99: WINDOWS 10 PRO | Q99: OFFICE 365 BUSINESS | R99: AUTOCAD LT2019 | T99: SKETCHUP 2024 PRO | Y99: GUARDIAN TOTAL SECURITY | Z99: 44409 | AD99: Active
A100: LDS-95 | B100: Desktop | D100: New Meeting Room 3Rd Floor | E100: Admin | F100: Standard | G100: 46 | H100: Adequate for its tier — monitor | I100: INTEL i7 6700K CPU @3.70GHZ | J100: 32 | K100: NO SLOT | L100: NVIDIA GEFORCE GTX 1050Ti | N100: M.2 SATA 500GB | O100: GIGABYTE Z170A | P100: WINDOWS 10 PRO | Q100: OFFICE 365 BUSINESS | R100: AUTOCAD LT2023 | S100: Lotus@301 | T100: SKETCHUP 2024 PRO | Y100: GUARDIAN TOTAL SECURITY | AD100: Active
...

Sheet Monthly_Utilisation
A1: Monthly Licence Utilisation & Spend Tracker
A2: Snapshot of every software title — log the assigned count at month-end to see exactly when, and how much, licence money is being wasted.
A4: Software | B4: Total Licenses | C4: License Assigned (now) | D4: Spare Licenses | E4: Utilisation % | F4: Est. Annual Cost (₹) | G4: Est. Wasted Spend (₹) | H4: Jun 2025 | I4: Jul 2025 | J4: Aug 2025 | K4: Sep 2025 | L4: Oct 2025 | M4: Nov 2025 | N4: Dec 2025 | O4: Jan 2026 | P4: Feb 2026 | Q4: Mar 2026 | R4: Apr 2026 | S4: May 2026
A5: 3DS MAX | B5: 1 | C5: 1 | D5: =B5-C5 -> 0 | E5: =IF(B5=0,0,C5/B5) -> 1 | G5: =IF(B5=0,0,F5*D5/B5) -> 0 | S5: 1
A6: ADOBE ACROBAT | B6: 3 | C6: 0 | D6: =B6-C6 -> 3 | E6: =IF(B6=0,0,C6/B6) -> 0 | G6: =IF(B6=0,0,F6*D6/B6) -> 0 | S6: 0
A7: ADOBE ILLUSTRATOR | B7: 4 | C7: 0 | D7: =B7-C7 -> 4 | E7: =IF(B7=0,0,C7/B7) -> 0 | G7: =IF(B7=0,0,F7*D7/B7) -> 0 | S7: 0
A8: ADOBE INDESIGN | B8: 2 | C8: 0 | D8: =B8-C8 -> 2 | E8: =IF(B8=0,0,C8/B8) -> 0 | G8: =IF(B8=0,0,F8*D8/B8) -> 0 | S8: 0
A9: ADOBE PHOTOSHOP CC | B9: 20 | C9: 0 | D9: =B9-C9 -> 20 | E9: =IF(B9=0,0,C9/B9) -> 0 | G9: =IF(B9=0,0,F9*D9/B9) -> 0 | S9: 0
A10: AutoCAD LT | B10: 105 | C10: 83 | D10: =B10-C10 -> 22 | E10: =IF(B10=0,0,C10/B10) -> 0.79047619 | G10: =IF(B10=0,0,F10*D10/B10) -> 0 | S10: 83
A11: CORONA | B11: 1 | C11: 0 | D11: =B11-C11 -> 1 | E11: =IF(B11=0,0,C11/B11) -> 0 | G11: =IF(B11=0,0,F11*D11/B11) -> 0 | S11: 0
A12: ENSCAPE | B12: 6 | C12: 0 | D12: =B12-C12 -> 6 | E12: =IF(B12=0,0,C12/B12) -> 0 | G12: =IF(B12=0,0,F12*D12/B12) -> 0 | S12: 0
A13: LUMION 2023 PRO | B13: 2 | C13: 0 | D13: =B13-C13 -> 2 | E13: =IF(B13=0,0,C13/B13) -> 0 | G13: =IF(B13=0,0,F13*D13/B13) -> 0 | S13: 0
A14: Office 365App for Business | B14: 87 | C14: 0 | D14: =B14-C14 -> 87 | E14: =IF(B14=0,0,C14/B14) -> 0 | G14: =IF(B14=0,0,F14*D14/B14) -> 0 | S14: 0
A15: Office 365 Business Standard | B15: 31 | C15: 0 | D15: =B15-C15 -> 31 | E15: =IF(B15=0,0,C15/B15) -> 0 | G15: =IF(B15=0,0,F15*D15/B15) -> 0 | S15: 0
A16: SKETCHUP PRO 2024 | B16: 54 | C16: 53 | D16: =B16-C16 -> 1 | E16: =IF(B16=0,0,C16/B16) -> 0.98148148 | G16: =IF(B16=0,0,F16*D16/B16) -> 0 | S16: 53
A17: AutoCAD LT | B17: 25 | C17: 0 | D17: =B17-C17 -> 25 | E17: =IF(B17=0,0,C17/B17) -> 0 | G17: =IF(B17=0,0,F17*D17/B17) -> 0 | S17: 0
A19: TOTAL | B19: =SUM(B5:B17) -> 341 | C19: =SUM(C5:C17) -> 137 | D19: =SUM(D5:D17) -> 204 | E19: =IF(B19=0,0,C19/B19) -> 0.40175953 | F19: =SUM(F5:F17) -> 0 | G19: =SUM(G5:G17) -> 0
A21: Yellow cells = enter your annual contract cost. Blue cells = editable monthly inputs. Wasted spend = cost x spare / total.

Sheet Group_License_View
A1: Group × License utilisation
A2: Auto-refreshes on every edit. Last: 6/1/2026, 11:00:07 AM
A4: Principal | B4: Group / Team | C4: AutoCAD LT | D4: SketchUp Pro | E4: Microsoft 365 Business Standard (no teams) | F4: Adobe Photoshop | G4: Microsoft 365 Business Standard | H4: Enscape | I4: Adobe Illustrator | J4: Adobe Acrobat | K4: 3ds Max | L4: Adobe InDesign | M4: Corona | N4: Total
A5: Ambrish Arora | B5: Prajwal Yashwant Amin Team | C5: 5 | D5: 5 | E5: 4 | F5: 1 | N5: 15
A6: Ambrish Arora | B6: Varun Srivastava Team | C6: 9 | D6: 6 | E6: 3 | F6: 1 | G6: 1 | H6: 1 | N6: 21
A7: Ambrish Arora | B7: Yatin Tokas Team | C7: 9 | D7: 5 | E7: 3 | N7: 17
A8: Ankur Choksi | B8: Prashant Bharadwaj Team | C8: 8 | D8: 4 | E8: 4 | F8: 1 | G8: 1 | N8: 18
A9: Ankur Choksi | B9: Swati Seshadri Team | C9: 10 | D9: 5 | E9: 4 | F9: 2 | N9: 21
A10: Asha Sairam | B10: Direct Reports | G10: 1 | N10: 1
A11: Asha Sairam | B11: Insiya Pithawala Team | C11: 8 | D11: 6 | E11: 4 | F11: 4 | H11: 2 | N11: 24
A12: Asha Sairam | B12: Neelam Das Team | C12: 14 | D12: 8 | E12: 1 | F12: 5 | G12: 1 | H12: 2 | I12: 2 | J12: 1 | N12: 34
A13: Asha Sairam | B13: Randhir Kumar Team | C13: 2 | D13: 1 | N13: 3
A14: Harsh Vardhan | B14: Admin & Infra | C14: 2 | D14: 2 | N14: 4
A15: Harsh Vardhan | B15: BD & Comms | C15: 5 | D15: 1 | E15: 2 | F15: 2 | G15: 3 | I15: 1 | K15: 1 | L15: 1 | M15: 1 | N15: 17
A16: Harsh Vardhan | B16: Finance & Accounts | C16: 3 | D16: 1 | E16: 1 | G16: 1 | J16: 2 | N16: 8
A17: Harsh Vardhan | B17: Homes | C17: 6 | D17: 3 | E17: 1 | F17: 2 | H17: 1 | N17: 13
A18: Harsh Vardhan | B18: IT & Tech | C18: 3 | D18: 2 | E18: 2 | G18: 1 | N18: 8
A19: Harsh Vardhan | B19: People & Culture | C19: 1 | E19: 2 | N19: 3

Sheet Peripherals
A1: Item ID | B1: Category | C1: Item | D1: Model | E1: Serial | F1: Quantity | G1: Condition | H1: Location | I1: Assigned To | J1: Status | K1: Notes
A2: PROJ-01 | B2: Projector | C2: EPSON LCD PROJECTOR (EB-1776W) H476C | D2: EPSON | E2: RESF2Y0343L | F2: 1 | G2: Faulty | J2: Faulty
A3: PROJ-02 | B3: Projector | C3: EPSON LCD PROJECTOR (EB-1776W) H476C | D3: EPSON | E3: RJPK5800012 | F3: 1 | G3: Good | J3: Active
A4: PROJ-03 | B4: Projector | C4: EPSON LCD PROJECTOR (EB-1776W) H476C | D4: EPSON | E4: RJPK6400033 | F4: 1 | G4: Good | J4: Active
A5: PROJ-04 | B5: Projector | C5: EPSON LCD PROJECTOR (EB-U05) H841C | D5: EPSON | E5: X4HD9400179 | F5: 1 | G5: Good | J5: Active
A6: PROJ-05 | B6: Projector | C6: EPSON LCD PROJECTOR (EB-U05) H841C | D6: EPSON | E6: X4HD9Z00174 | F6: 1 | G6: Good | J6: Active
A7: PROJ-01 | B7: Projector | C7: LOGITECH CONFERENCECAM MEETUP BOARD R0OM | D7: LOGITECH | E7: WORKING | F7: 1 | G7: Good | J7: Active
A8: PROJ-02 | B8: Projector | C8: LOGITECH CONFERENCECAM MEETUP GLASS BLOCK RROM | D8: LOGITECH | E8: WORKING | F8: 1 | G8: Good | J8: Active
A9: PROJ-03 | B9: Projector | C9: CONFERENCECAM MEETUP INNOVATION ROOM | D9: CONFERENCECAM | E9: WORKING | F9: 1 | G9: Good | J9: Active
A10: PROJ-04 | B10: Projector | C10: LOGITECH BCC950 CONFERENCECAM ROUND TABLE ROOM | D10: LOGITECH | E10: WORKING | F10: 1 | G10: Good | J10: Active
A11: PROJ-05 | B11: Projector | C11: LOGITECH CONFERENCECAM MEETUP FISH BOX RROM | D11: LOGITECH | E11: WORKING | F11: 1 | G11: Good | J11: Active
A12: PROJ-06 | B12: Projector | C12: LOGITECH CONFERENCECAM MEETUP CORNER ROOM | D12: LOGITECH | E12: WORKING | F12: 1 | G12: Good | J12: Active
A13: PROJ-07 | B13: Projector | C13: LOGITECH CONFERENCECAM MEETUP SLIENT ROOM | D13: LOGITECH | E13: WORKING | F13: 1 | G13: Good | J13: Active
... A20: PROJ-05 | B20: Projector | C20: HP DESIGN JET T1708 | D20: HP | E20: WORKKING | F20: 1 | G20: Good | J20: Active
A21: SPARE-01 | B21: Keyboard | C21: Keyboard | F21: 16 | G21: Fair | J21: Spare | K21: 16 OLD
A22: SPARE-02 | B22: Mouse | C22: Mouse | F22: 24 | G22: Fair | J22: Spare | K22: 24 OLD
A23: SPARE-03 | B23: Cable | C23: Power Cable | F23: 11 | G23: Fair | J23: Spare | K23: 11 OLD
A24: SPARE-04 | B24: Cable | C24: Hdmi | F24: 7 | G24: Fair | J24: Spare | K24: 7 OLD
A25: SPARE-05 | B25: Cable | C25: Internet Cable | F25: 6 | G25: Fair | J25: Spare | K25: 6 OLD
A26: SPARE-06 | B26: Monitor | C26: Monitor | F26: 10 | G26: Fair | J26: Spare | K26: 10 OLD
A27: SPARE-07 | B27: Other | C27: Cpu | F27: 6 | G27: Fair | J27: Spare | K27: 6 OLD
A28: SPARE-08 | B28: Cable | C28: Power Cable | F28: 4 | G28: Good | J28: Spare | K28: 4 NEW
A29: SPARE-09 | B29: Cable | C29: Hdmi | F29: 3 | G29: Good | J29: Spare | K29: 3 NEW

Sheet System_Health
A1: System Health — auto-scan
A2: Last run: 5/29/2026, 2:02:38 PM · 110 issue(s)
A4: Severity | B4: Category | C4: System / Person | D4: Detail | E4: Fix
A5: HIGH | B5: Ghost owner | C5: LDS-10 | D5: Assigned to insha@studiolotus.in but that email is not in Master | E5: Add the person to Master or update Assigned Email
A6: HIGH | B6: Ghost owner | C6: LDS-11 | D6: Assigned to siya@studiolotus.in but that email is not in Master | E6: Add the person to Master or update Assigned Email
A7: HIGH | B7: Ghost owner | C7: LDS-21 | D7: Assigned to isha@studiolotus.in but that email is not in Master | E7: Add the person to Master or update Assigned Email
A8: HIGH | B8: Ghost owner | C8: LDS-35 | D8: Assigned to akshita@studiolotus.in but that email is not in Master | E8: Add the person to Master or update Assigned Email
A9: HIGH | B9: Ghost owner | C9: LDS-60 | D9: Assigned to naba.jyoti@studiolotus.in but that email is not in Master | E9: Add the person to Master or update Assigned Email
A10: HIGH | B10: Ghost owner | C10: LDS-78 | D10: Assigned to amar.pali@studiolotus.in but that email is not in Master | E10: Add the person to Master or update Assigned Email
A11: HIGH | B11: Ghost owner | C11: LDS-90 | D11: Assigned to deepak@studiolotus.in but that email is not in Master | E11: Add the person to Master or update Assigned Email
A12: HIGH | B12: Ghost owner | C12: LDS-93 | D12: Assigned to kishan@studiolotus.in but that email is not in Master | E12: Add the person to Master or update Assigned Email
A13: HIGH | B13: Ghost owner | C13: LDS-97 | D13: Assigned to huda.@studiolotus.in but that email is not in Master | E13: Add the person to Master or update Assigned Email
A14: HIGH | B14: Ghost owner | C14: LDS-100 | D14: Assigned to jahnavi.joshi@studiolotus.in but that email is not in Master | E14: Add the person to Master or update Assigned Email
A15: HIGH | B15: Ghost owner | C15: LDS-102 | D15: Assigned to athrav@studiolotus.in but that email is not in Master | E15: Add the person to Master or update Assigned Email
... A114: LOW | B114: Upgrade candidate | C114: LDS-106 | D114: RAM is 16 GB — consider upgrading for heavy 3D work | E114: Plan a RAM upgrade or rotate to lighter workflow

Sheet Data_Health
A1: Data Health — auto-scan
A2: Last run: 5/29/2026, 2:02:39 PM · 0 issue(s)
A4: Severity | B4: Category | C4: Record | D4: Detail | E4: Fix

Sheet Secrets_Registry
A1: Secret Key | B1: Belongs To | C1: Type | D1: Stored In | E1: Last Rotated | F1: Owner | G1: Notes
A2: ⚠ ENCRYPTED REGISTRY — actual VALUES live in Apps Script PropertiesService (encrypted at rest by Google, never written to any cell, never round-tripped to xlsx). This sheet lists only metadata. Use the Studio Lotus menu → "Set Secret" / "Get Secret" to read/write values. Anyone with sheet access sees registry only, never the secret itself.
A3: system.LDS-02.windows_key | B3: LDS-02 | C3: Windows Key | D3: PropertiesService | E3: 46167.118 | F3: itsupport@studiolotus.in
A4: system.LDS-02.ms_office_id | B4: LDS-02 | C4: MS Office Account ID | D4: PropertiesService | E4: 46167.118 | F4: itsupport@studiolotus.in
A5: system.LDS-02.ms_office_pwd | B5: LDS-02 | C5: MS Office Password | D5: PropertiesService | E5: 46167.118 | F5: itsupport@studiolotus.in
A6: system.LDS-02.autocad_id | B6: LDS-02 | C6: AutoCAD Account ID | D6: PropertiesService | E6: 46167.118 | F6: itsupport@studiolotus.in
A7: system.LDS-02.autocad_pwd | B7: LDS-02 | C7: AutoCAD Password | D7: PropertiesService | E7: 46167.118 | F7: itsupport@studiolotus.in
A8: system.LDS-02.adobe_id | B8: LDS-02 | C8: Adobe Account ID | D8: PropertiesService | E8: 46167.118 | F8: itsupport@studiolotus.in
A9: system.LDS-02.adobe_pwd | B9: LDS-02 | C9: Adobe Password | D9: PropertiesService | E9: 46167.118 | F9: itsupport@studiolotus.in
A10: system.LDS-02.antivirus_key | B10: LDS-02 | C10: Antivirus Key | D10: PropertiesService | E10: 46167.118 | F10: itsupport@studiolotus.in
A11: system.LDS-02.sketchup_id | B11: LDS-02 | C11: SketchUp Account ID | D11: PropertiesService | E11: 46167.118 | F11: itsupport@studiolotus.in
A12: system.LDS-03.windows_key | B12: LDS-03 | C12: Windows Key | D12: PropertiesService | E12: 46167.118 | F12: itsupport@studiolotus.in
A13: system.LDS-03.ms_office_id | B13: LDS-03 | C13: MS Office Account ID | D13: PropertiesService | E13: 46167.118 | F13: itsupport@studiolotus.in
A14: system.LDS-03.ms_office_pwd | B14: LDS-03 | C14: MS Office Password | D14: PropertiesService | E14: 46167.118 | F14: itsupport@studiolotus.in
... A771: admin.gmail.pwd | B771: itsupport@studiolotus.in | C771: Gmail Admin Password | D771: PropertiesService | E771: 46167.118 | F771: itsupport@studiolotus.in

Sheet README
A1: Studio Lotus — Master Operating Workbook v2
A2: Last updated: 2026-05-22
A4: What changed in this version
A5: • Master_Employees gained DOJ + Prior Exp (yrs) + Image URL + Designation Level + Designation Color
A6: • SLExp (Studio Lotus tenure) and OExp (total experience) are auto-computed and shown on every person card
A7: • Designations grouped into colored levels (same level = same color across all variant spellings)
A8: • Systems sheet imported: 101 desktops + 13 laptops in one table, Type column distinguishes
A9: • Peripherals sheet imported: 19 projectors + 9 spare item categories
A10: • 769 passwords/keys/PINs extracted from inventory and routed to PropertiesService
A11: • Secrets_Registry sheet lists only metadata; actual values encrypted at rest in Apps Script
A12: • Integrated Console: single page with three sections — People · Licences · Systems
A13: • Optimistic UI: drag-drop org edits update instantly, server write happens in background
... A65: • System_Health · Data_Health · Expired_Licenses · Expiring_Soon

Sheet License_Dashboard
A1: License Dashboard
A2: Studio Lotus — software inventory, assignments and renewal posture
A3: ← Back to Org Dashboard
B5: Total Licenses | C5: License Assigned | D5: Spare Licenses | E5: Active Contracts | F5: Expiring in 30 days | G5: Already Expired
B6: =SUM(License_Inventory!H:H) -> 297 | C6: =COUNTA(Licenses!A2:A4996) -> 216 | D6: =COUNTIFS(License_Inventory!A$2:A$199,"<>",License_Inventory!P$2:P$199,"<>Expired") -> 28 | E6: =COUNTIFS(License_Inventory!O$2:O$199,">="&0,License_Inventory!O$2:O$199,"<="&30) -> 2 | F6: =COUNTIFS(License_Inventory!O$2:O$199,"<"&0) -> 0 | G6: =COUNTIF(License_Inventory!O:O,"<0") -> 0
B7: across all contracts | C7: rows in Licenses sheet | D7: unallocated capacity | E7: in License_Inventory | F7: see Expiring_Soon → | G7: needs immediate renewal
A9: Software Summary
A10: Software | B10: Category | C10: Total Licenses | D10: License Assigned | E10: Spare Licenses | F10: Utilisation % | G10: Contracts | H10: Earliest End | I10: Renewal Status | J10: Action
A11: 3DS MAX | B11: Design Software | C11: =SUMIF(License_Inventory!$C:$C,A11,License_Inventory!$H:$H) -> 1 | D11: =COUNTIF(Licenses!B:B,"3ds Max") -> 1 | E11: =MAX(0,C11-D11) -> 0 | F11: =IF(C11=0,"",D11/C11) -> 1 | G11: =COUNTIF(License_Inventory!$C:$C,A11) -> 1 | H11: =IFERROR(minifs(License_Inventory!$J:$J,License_Inventory!$C:$C,A11,License_Inventory!$J:$J,"<>"),"—") -> 46270 | I11: =IF(H11="—","No End Date",IF(H11-TODAY()<0,"Expired",IF(H11-TODAY()<=30,"Expiring Soon",IF(H11-TODAY()<=90,"Watch","Active")))) -> Active | J11: =IF(I11="Expired","Renew now",IF(I11="Expiring Soon","Plan renewal",IF(E11=0,"Buy seats",IF(F11>=0.95,"Near full capacity","OK")))) -> Buy seats
A12: ADOBE ACROBAT | B12: Adobe Creative | C12: =SUMIF(License_Inventory!$C:$C,A12,License_Inventory!$H:$H) -> 3 | D12: =COUNTIF(Licenses!B:B,"Adobe Acrobat") -> 3 | E12: =MAX(0,C12-D12) -> 0 | F12: =IF(C12=0,"",D12/C12) -> 1 | G12: =COUNTIF(License_Inventory!$C:$C,A12) -> 1 | H12: =IFERROR(minifs(License_Inventory!$J:$J,License_Inventory!$C:$C,A12,License_Inventory!$J:$J,"<>"),"—") -> 46732 | I12: =IF(H12="—","No End Date",IF(H12-TODAY()<0,"Expired",IF(H12-TODAY()<=30,"Expiring Soon",IF(H12-TODAY()<=90,"Watch","Active")))) -> Active | J12: =IF(I12="Expired","Renew now",IF(I12="Expiring Soon","Plan renewal",IF(E12=0,"Buy seats",IF(F12>=0.95,"Near full capacity","OK")))) -> Buy seats
A13: ADOBE ILLUSTRATOR | B13: Adobe Creative | C13: =SUMIF(License_Inventory!$C:$C,A13,License_Inventory!$H:$H) -> 4 | D13: =COUNTIF(Licenses!B:B,"Adobe Illustrator") -> 4 | E13: =MAX(0,C13-D13) -> 0 | F13: =IF(C13=0,"",D13/C13) -> 1 | G13: =COUNTIF(License_Inventory!$C:$C,A13) -> 1 | H13: =IFERROR(minifs(License_Inventory!$J:$J,License_Inventory!$C:$C,A13,License_Inventory!$J:$J,"<>"),"—") -> 46732 | I13: =IF(H13="—","No End Date",IF(H13-TODAY()<0,"Expired",IF(H13-TODAY()<=30,"Expiring Soon",IF(H13-TODAY()<=90,"Watch","Active")))) -> Active | J13: =IF(I13="Expired","Renew now",IF(I13="Expiring Soon","Plan renewal",IF(E13=0,"Buy seats",IF(F13>=0.95,"Near full capacity","OK")))) -> Buy seats
A14: ADOBE INDESIGN | B14: Adobe Creative | C14: =SUMIF(License_Inventory!$C:$C,A14,License_Inventory!$H:$H) -> 2 | D14: =COUNTIF(Licenses!B:B,"Adobe InDesign") -> 1 | E14: =MAX(0,C14-D14) -> 1 | F14: =IF(C14=0,"",D14/C14) -> 0.5 | G14: =COUNTIF(License_Inventory!$C:$C,A14) -> 1 | H14: =IFERROR(minifs(License_Inventory!$J:$J,License_Inventory!$C:$C,A14,License_Inventory!$J:$J,"<>"),"—") -> 46732 | I14: =IF(H14="—","No End Date",IF(H14-TODAY()<0,"Expired",IF(H14-TODAY()<=30,"Expiring Soon",IF(H14-TODAY()<=90,"Watch","Active")))) -> Active | J14: =IF(I14="Expired","Renew now",IF(I14="Expiring Soon","Plan renewal",IF(E14=0,"Buy seats",IF(F14>=0.95,"Near full capacity","OK")))) -> OK
A15: ADOBE PHOTOSHOP CC | B15: Adobe Creative | C15: =SUMIF(License_Inventory!$C:$C,A15,License_Inventory!$H:$H) -> 20 | D15: =COUNTIF(Licenses!B:B,"Adobe Photoshop") -> 19 | E15: =MAX(0,C15-D15) -> 1 | F15: =IF(C15=0,"",D15/C15) -> 0.95 | G15: =COUNTIF(License_Inventory!$C:$C,A15) -> 1 | H15: =IFERROR(minifs(License_Inventory!$J:$J,License_Inventory!$C:$C,A15,License_Inventory!$J:$J,"<>"),"—") -> 46732 | I15: =IF(H15="—","No End Date",IF(H15-TODAY()<0,"Expired",IF(H15-TODAY()<=30,"Expiring Soon",IF(H15-TODAY()<=90,"Watch","Active")))) -> Active | J15: =IF(I15="Expired","Renew now",IF(I15="Expiring Soon","Plan renewal",IF(E15=0,"Buy seats",IF(F15>=0.95,"Near full capacity","OK")))) -> Near full capacity
A16: AutoCAD LT | B16: Design Software | C16: =SUMIF(License_Inventory!$C:$C,A16,License_Inventory!$H:$H) -> 105 | D16: =COUNTIF(Licenses!B:B,"AutoCAD LT") -> 92 | E16: =MAX(0,C16-D16) -> 13 | F16: =IF(C16=0,"",D16/C16) -> 0.87619048 | G16: =COUNTIF(License_Inventory!$C:$C,A16) -> 10 | H16: =IFERROR(minifs(License_Inventory!$J:$J,License_Inventory!$C:$C,A16,License_Inventory!$J:$J,"<>"),"—") -> 46195 | I16: =IF(H16="—","No End Date",IF(H16-TODAY()<0,"Expired",IF(H16-TODAY()<=30,"Expiring Soon",IF(H16-TODAY()<=90,"Watch","Active")))) -> Expiring Soon | J16: =IF(I16="Expired","Renew now",IF(I16="Expiring Soon","Plan renewal",IF(E16=0,"Buy seats",IF(F16>=0.95,"Near full capacity","OK")))) -> Plan renewal
A17: CORONA | B17: Visualization | C17: =SUMIF(License_Inventory!$C:$C,A17,License_Inventory!$H:$H) -> 1 | D17: =COUNTIF(Licenses!B:B,"Corona Renderer") -> 0 | E17: =MAX(0,C17-D17) -> 1 | F17: =IF(C17=0,"",D17/C17) -> 0 | G17: =COUNTIF(License_Inventory!$C:$C,A17) -> 1 | H17: =IFERROR(minifs(License_Inventory!$J:$J,License_Inventory!$C:$C,A17,License_Inventory!$J:$J,"<>"),"—") -> 46213 | I17: =IF(H17="—","No End Date",IF(H17-TODAY()<0,"Expired",IF(H17-TODAY()<=30,"Expiring Soon",IF(H17-TODAY()<=90,"Watch","Active")))) -> Watch | J17: =IF(I17="Expired","Renew now",IF(I17="Expiring Soon","Plan renewal",IF(E17=0,"Buy seats",IF(F17>=0.95,"Near full capacity","OK")))) -> OK
A18: ENSCAPE | B18: Visualization | C18: =SUMIF(License_Inventory!$C:$C,A18,License_Inventory!$H:$H) -> 6 | D18: =COUNTIF(Licenses!B:B,"Enscape") -> 6 | E18: =MAX(0,C18-D18) -> 0 | F18: =IF(C18=0,"",D18/C18) -> 1 | G18: =COUNTIF(License_Inventory!$C:$C,A18) -> 3 | H18: =IFERROR(minifs(License_Inventory!$J:$J,License_Inventory!$C:$C,A18,License_Inventory!$J:$J,"<>"),"—") -> 46415 | I18: =IF(H18="—","No End Date",IF(H18-TODAY()<0,"Expired",IF(H18-TODAY()<=30,"Expiring Soon",IF(H18-TODAY()<=90,"Watch","Active")))) -> Active | J18: =IF(I18="Expired","Renew now",IF(I18="Expiring Soon","Plan renewal",IF(E18=0,"Buy seats",IF(F18>=0.95,"Near full capacity","OK")))) -> Buy seats
A19: LUMION 2023 PRO | B19: Visualization | C19: =SUMIF(License_Inventory!$C:$C,A19,License_Inventory!$H:$H) -> 0 | D19: =COUNTIF(Licenses!B:B,"Lumion Pro") -> 0 | E19: =MAX(0,C19-D19) -> 0 | F19: =IF(C19=0,"",D19/C19) | G19: =COUNTIF(License_Inventory!$C:$C,A19) -> 0 | H19: =IFERROR(minifs(License_Inventory!$J:$J,License_Inventory!$C:$C,A19,License_Inventory!$J:$J,"<>"),"—") -> 0 | I19: =IF(H19="—","No End Date",IF(H19-TODAY()<0,"Expired",IF(H19-TODAY()<=30,"Expiring Soon",IF(H19-TODAY()<=90,"Watch","Active")))) -> Expired | J19: =IF(I19="Expired","Renew now",IF(I19="Expiring Soon","Plan renewal",IF(E19=0,"Buy seats",IF(F19>=0.95,"Near full capacity","OK")))) -> Renew now
A20: Microsoft 365 Business Standard (no teams) | B20: Productivity | C20: =SUMIF(License_Inventory!$C:$C,A20,License_Inventory!$H:$H) -> 95 | D20: =COUNTIF(Licenses!B:B,"MS Office 365 Standard") -> 0 | E20: =MAX(0,C20-D20) -> 95 | F20: =IF(C20=0,"",D20/C20) -> 0 | G20: =COUNTIF(License_Inventory!$C:$C,A20) -> 1 | H20: =IFERROR(minifs(License_Inventory!$J:$J,License_Inventory!$C:$C,A20,License_Inventory!$J:$J,"<>"),"—") -> 46357 | I20: =IF(H20="—","No End Date",IF(H20-TODAY()<0,"Expired",IF(H20-TODAY()<=30,"Expiring Soon",IF(H20-TODAY()<=90,"Watch","Active")))) -> Active | J20: =IF(I20="Expired","Renew now",IF(I20="Expiring Soon","Plan renewal",IF(E20=0,"Buy seats",IF(F20>=0.95,"Near full capacity","OK")))) -> OK
A21: Microsoft 365 Business Standard | B21: Productivity | C21: =SUMIF(License_Inventory!$C:$C,A21,License_Inventory!$H:$H) -> 10 | D21: =COUNTIF(Licenses!B:B,"MS Office 365 Apps") -> 0 | E21: =MAX(0,C21-D21) -> 10 | F21: =IF(C21=0,"",D21/C21) -> 0 | G21: =COUNTIF(License_Inventory!$C:$C,A21) -> 1 | H21: =IFERROR(minifs(License_Inventory!$J:$J,License_Inventory!$C:$C,A21,License_Inventory!$J:$J,"<>"),"—") -> 46357 | I21: =IF(H21="—","No End Date",IF(H21-TODAY()<0,"Expired",IF(H21-TODAY()<=30,"Expiring Soon",IF(H21-TODAY()<=90,"Watch","Active")))) -> Active | J21: =IF(I21="Expired","Renew now",IF(I21="Expiring Soon","Plan renewal",IF(E21=0,"Buy seats",IF(F21>=0.95,"Near full capacity","OK")))) -> OK
A22: SKETCHUP PRO 2024 | B22: Design Software | C22: =SUMIF(License_Inventory!$C:$C,A22,License_Inventory!$H:$H) -> 0 | D22: =COUNTIF(Licenses!B:B,"SketchUp Pro") -> 49 | E22: =MAX(0,C22-D22) -> 0 | F22: =IF(C22=0,"",D22/C22) | G22: =COUNTIF(License_Inventory!$C:$C,A22) -> 0 | H22: =IFERROR(minifs(License_Inventory!$J:$J,License_Inventory!$C:$C,A22,License_Inventory!$J:$J,"<>"),"—") -> 0 | I22: =IF(H22="—","No End Date",IF(H22-TODAY()<0,"Expired",IF(H22-TODAY()<=30,"Expiring Soon",IF(H22-TODAY()<=90,"Watch","Active")))) -> Expired | J22: =IF(I22="Expired","Renew now",IF(I22="Expiring Soon","Plan renewal",IF(E22=0,"Buy seats",IF(F22>=0.95,"Near full capacity","OK")))) -> Renew now
A25: Drill-downs
A26: License_Inventory | B26: Every contract / SKU with vendor, seats and dates.
A27: Licenses | B27: One row per user-license assignment.
A28: Expiring_Soon | B28: Renewals due in the next 30 days (configurable).
A29: Group_License_View | B29: License consumption by team and principal.
A30: User_License_Matrix | B30: Who has which tool — cross-tab.
A31: Dashboard | B31: Back to the studio overview.

Sheet Live_Org_Chart
A1: Level | B1: Name | C1: Designation | D1: Email | E1: License Count | F1: Group / Team | G1: Reports To | H1: Employee No | I1: Notes
A2: Principal | B2: Harsh Vardhan | C2: Principal | D2: harsh@studiolotus.in | E2: 0 | H2: SL0027
A3: Team | B3: Rajendra Kumar Mohanty | C3: Head Finance and Accounts | D3: rajendra@studiolotus.in | E3: 2 | F3: Finance & Accounts | G3: Harsh Vardhan | H3: SL0006 | I3: Function-wise rollup for Harsh Vardhan.
A4: Member | B4: Aman Jha | C4: Accounts Executive | D4: accountsexecutive@studiolotus.in | E4: 0 | F4: Finance & Accounts | G4: Rajendra Kumar Mohanty | H4: SL0305
A5: Member | B5: Nirmal Singh Bhakuni | C5: Assistant Manager -Accounts | D5: nirmal@studiolotus.in | E5: 3 | F5: Finance & Accounts | G5: Rajendra Kumar Mohanty | H5: SL0008
A6: Team | B6: Isha Singh | C6: Senior Manager- Human Resources | D6: isha.singh@studiolotus.in | E6: 0 | F6: People & Culture | G6: Harsh Vardhan | H6: SL0356 | I6: Function-wise rollup for Harsh Vardhan.
A7: Member | B7: HR Studio Lotus | C7: Human Resources Head | D7: hr@studiolotus.in | E7: 0 | F7: People & Culture | G7: Isha Singh | H7: 77
A8: Member | B8: Nishant Singh | C8: Administrator Human Resources | D8: nishant.singh@studiolotus.in | E8: 2 | F8: People & Culture | G8: Isha Singh | H8: SL0157
A9: Team | B9: Amita Goel | C9: Associate Principal | D9: amita@studiolotus.in | E9: 0 | F9: BD & Comms | G9: Harsh Vardhan | H9: SL0224 | I9: Function-wise rollup for Harsh Vardhan.
A10: Member | B10: Atharv Subharwal | C10: Sr. 3D Artist | D10: atharv@studiolotus.in | E10: 4 | F10: BD & Comms | G10: Amita Goel | H10: SL0249
A11: Member | B11: Bharati Asmita | C11: Communications Manager | D11: asmita.bharati@studiolotus.in | E11: 5 | F11: BD & Comms | G11: Amita Goel | H11: SL0236
A12: Member | B12: Karishma Patidar | C12: Architect | D12: karishma.patidar@studiolotus.in | E12: 1 | F12: BD & Comms | G12: Amita Goel | H12: SL0347
A13: Member | B13: Tanvi Jain | C13: Engagement Manager- Business Development | D13: tanvi@studiolotus.in | E13: 1 | F13: BD & Comms | G13: Amita Goel | H13: SL0063
A14: Team | B14: Devdutt Kumar | C14: Senior Software Engineer, Data Platform | D14: devdutt.kumar@studiolotus.in | E14: 2 | F14: IT & Tech | G14: Harsh Vardhan | H14: SL0343 | I14: Function-wise rollup for Harsh Vardhan.
A15: Member | B15: Nitayee Das | C15: Manager (Information Technology) | D15: itsupport@studiolotus.in | E15: 2 | F15: IT & Tech | G15: Devdutt Kumar | H15: SL0090
A16: Member | B16: Sachin Tyagi | C16: Senior Manager - IT | D16: sachin.tyagi@studiolotus.in | E16: 2 | F16: IT & Tech | G16: Devdutt Kumar | H16: SL0321
A17: Team | B17: Kavita Chatola | C17: Manager Administration | D17: kavita@studiolotus.in | E17: 2 | F17: Admin & Infra | G17: Harsh Vardhan | H17: SL0007 | I17: Function-wise rollup for Harsh Vardhan.
A18: Member | B18: Ajay Kanhaiya Lal | C18: Office Support | D18: lalk75219@gmail.com | E18: 0 | F18: Admin & Infra | G18: Kavita Chatola | H18: 6
A19: Member | B19: Atul Kumar Singh | C19: Office Manager | D19: atul@studiolotus.in | E19: 2 | F19: Admin & Infra | G19: Kavita Chatola | H19: SL0266
A20: Member | B20: Ram (Ravi) Prasad Sharma | C20: Office Support | D20: ravi.sharma.lotus@gmail.com | E20: 0 | F20: Admin & Infra | G20: Kavita Chatola | H20: 4
A21: Member | B21: Sunil Kumar Paswan | C21: Office Support | D21: sunil3pswn@gmail.com | E21: 0 | F21: Admin & Infra | G21: Kavita Chatola | H21: 7
A22: Member | B22: Umesh Mandal | C22: Cook | D22: umeshmandal1403@gmail.com | E22: 0 | F22: Admin & Infra | G22: Kavita Chatola | H22: 3
A23: Member | B23: Vikram Singh | C23: Office Support | D23: vikram056085@gmail.com | E23: 0 | F23: Admin & Infra | G23: Kavita Chatola | H23: 9
A24: Team | B24: Harsh Vardhan | C24: Team | E24: 0 | F24: Homes | G24: Harsh Vardhan | I24: Function-wise rollup for Harsh Vardhan.
A25: Member | B25: Aditi Agashe | C25: Project Architect | D25: aditi.agashe@studiolotus.in | E25: 1 | F25: Homes | G25: Harsh Vardhan | H25: SL0338
A26: Member | B26: Ambar Agarwal | C26: Intern | D26: ambar.agarwal@studiolotus.in | E26: 0 | F26: Homes | G26: Harsh Vardhan | H26: 453
A27: Member | B27: Anandita Kaur Narula | C27: Sr. Architect | D27: anandita.narula@studiolotus.in | E27: 2 | F27: Homes | G27: Harsh Vardhan | H27: SL0244
A28: Member | B28: Anshika Maheshwari | C28: Architect | D28: anshika@studiolotus.in | E28: 2 | F28: Homes | G28: Harsh Vardhan | H28: SL0272
A29: Member | B29: Maitrayee Takale | C29: Sr. Architect | D29: maitrayee@studiolotus.in | E29: 2 | F29: Homes | G29: Harsh Vardhan | H29: SL0203
A30: Member | B30: Sarthak Sharma | C30: Architect | D30: sarthak.sharma@studiolotus.in | E30: 2 | F30: Homes | G30: Harsh Vardhan | H30: SL0302
A31: Principal | B31: Ambrish Arora | C31: Principal | D31: ambrish@studiolotus.in | E31: 0 | H31: SL0001
A32: Team | B32: Prajwal Yashwant Amin | C32: Project Architect | D32: prajwal@studiolotus.in | E32: 3 | F32: Prajwal Yashwant Amin Team | G32: Ambrish Arora | H32: SL0098
A33: Member | B33: Aditi Panwar | C33: Architect | D33: aditi.panwar@studiolotus.in | E33: 2 | F33: Prajwal Yashwant Amin Team | G33: Prajwal Yashwant Amin | H33: SL0250
A34: Member | B34: Ayushi Patwari | C34: Architect | D34: ayushi.patwari@studiolotus.in | E34: 2 | F34: Prajwal Yashwant Amin Team | G34: Prajwal Yashwant Amin | H34: SL0352
A35: Member | B35: Puru Bhatia | C35: Architect | D35: puru.bhatia@studiolotus.in | E35: 2 | F35: Prajwal Yashwant Amin Team | G35: Prajwal Yashwant Amin | H35: SL0307
A36: Member | B36: Suhani Khandelwal | C36: Architect | D36: suhani.khandelwal@studiolotus.in | E36: 2 | F36: Prajwal Yashwant Amin Team | G36: Prajwal Yashwant Amin | H36: SL0330
A37: Team | B37: Varun Srivastava | C37: Group Leader | D37: varun.srivastava@studiolotus.in | E37: 2 | F37: Varun Srivastava Team | G37: Ambrish Arora | H37: SL0314
A38: Member | B38: Adhiraj Sirkeck | C38: Sr. Architect | D38: adhiraj.sirkeck@studiolotus.in | E38: 2 | F38: Varun Srivastava Team | G38: Varun Srivastava | H38: SL0333
A39: Member | B39: Harsha Singh | C39: Architect | D39: harsha.singh@studiolotus.in | E39: 1 | F39: Varun Srivastava Team | G39: Varun Srivastava | H39: SL0299
A40: Member | B40: Khushboo Pandey | C40: Project Architect | D40: khushboo.pandey@studiolotus.in | E40: 1 | F40: Varun Srivastava Team | G40: Varun Srivastava | H40: SL0357
A41: Member | B41: Nikita Bhatia | C41: Project Architect | D41: nikita.bhatia@studiolotus.in | E41: 2 | F41: Varun Srivastava Team | G41: Varun Srivastava | H41: SL0318
A42: Member | B42: Rida Drabu | C42: Architect | D42: rida@studiolotus.in | E42: 2 | F42: Varun Srivastava Team | G42: Varun Srivastava | H42: SL0263
A43: Member | B43: Rushil Jain | C43: Architect | D43: rushil.jain@studiolotus.in | E43: 3 | F43: Varun Srivastava Team | G43: Varun Srivastava | H43: SL0289
... A45: Member | B45: Vivin Neelankavil | C45: Sr. Architect | D45: vivin@studiolotus.in | E45: 2 | F45: Varun Srivastava Team | G45: Varun Srivastava | H45: SL0204
A46: Team | B46: Yatin Tokas | C46: Project Lead | D46: yatin.tokas@studiolotus.in | E46: 2 | F46: Yatin Tokas Team | G46: Ambrish Arora | H46: SL0150 | I46: Karthick R is grouped here as requested.
A47: Member | B47: Abiyah Grace Ebby | C47: Architect | D47: abiyah.grace@studiolotus.in | E47: 1 | F47: Yatin Tokas Team | G47: Yatin Tokas | H47: SL0358
A48: Member | B48: Deepak Chakicherla | C48: Architect | D48: deepak.chakicherla@studiolotus.in | E48: 2 | F48: Yatin Tokas Team | G48: Yatin Tokas | H48: SL0340
A49: Member | B49: Jagdish Samal | C49: Architect | D49: jagdish.samal@studiolotus.in | E49: 1 | F49: Yatin Tokas Team | G49: Yatin Tokas | H49: SL0303
A50: Member | B50: Karthick R | C50: Sr. Architect | D50: karthick.r@studiolotus.in | E50: 2 | F50: Yatin Tokas Team | G50: Yatin Tokas | H50: SL0364 | I50: Manually grouped under Yatin Tokas.
A51: Member | B51: Kashish Singh | C51: Architect | D51: kashish.singh@studiolotus.in | E51: 1 | F51: Yatin Tokas Team | G51: Yatin Tokas | H51: SL0288
A52: Member | B52: Mihir Jagdishbhai Ramani | C52: Architect | D52: mihir.ramani@studiolotus.in | E52: 1 | F52: Yatin Tokas Team | G52: Yatin Tokas | H52: SL0326
A53: Member | B53: Priyanka Jawa | C53: Sr. Architect | D53: priyanka.jawa@studiolotus.in | E53: 2 | F53: Yatin Tokas Team | G53: Yatin Tokas | H53: SL0251
A54: Member | B54: Vipul Sharma | C54: Intern | D54: vipulsh1402@gmail.com | E54: 0 | F54: Yatin Tokas Team | G54: Yatin Tokas | H54: 448
A55: Member | B55: Vishal Dubey | C55: Project Architect | D55: vishal.dubey@studiolotus.in | E55: 1 | F55: Yatin Tokas Team | G55: Yatin Tokas | H55: SL0351
A56: Principal | B56: Ankur Choksi | C56: Principal | D56: ankur@lotuslink.in | E56: 0 | H56: SL0003
A57: Team | B57: Prashant Bharadwaj | C57: Associate Principal | D57: prashant.bharadwaj@studiolotus.in | E57: 2 | F57: Prashant Bharadwaj Team | G57: Ankur Choksi | H57: SL0278
A58: Member | B58: Aditi Sudheer Kari | C58: Intern | D58: aditi3641arch22@spa.ac.in | E58: 0 | F58: Prashant Bharadwaj Team | G58: Prashant Bharadwaj | H58: 449
A59: Member | B59: Aditya Pandoh | C59: Designer | D59: aditya.pandoh@studiolotus.in | E59: 2 | F59: Prashant Bharadwaj Team | G59: Prashant Bharadwaj | H59: SL0328
A60: Member | B60: Anisha Khandelwal | C60: Sr. Architect | D60: anisha.khandelwal@studiolotus.in | E60: 1 | F60: Prashant Bharadwaj Team | G60: Prashant Bharadwaj | H60: SL0315
A61: Member | B61: Ankeeta Champatiray | C61: Sr. Architect | D61: ankeeta@studiolotus.in | E61: 2 | F61: Prashant Bharadwaj Team | G61: Prashant Bharadwaj | H61: SL0232
A62: Member | B62: Deeptha Madan Gopal | C62: Architect | D62: deeptha.mg@studiolotus.in | E62: 0 | F62: Prashant Bharadwaj Team | G62: Prashant Bharadwaj | H62: SL0365
A63: Member | B63: Raunak Bhagat | C63: Architect | D63: raunak.bhagat@studiolotus.in | E63: 1 | F63: Prashant Bharadwaj Team | G63: Prashant Bharadwaj | H63: SL0339
A64: Member | B64: Sanya Jain | C64: Architect | D64: sanya.jain@studiolotus.in | E64: 2 | F64: Prashant Bharadwaj Team | G64: Prashant Bharadwaj | H64: SL0329
A65: Member | B65: Vishal Kumar | C65: Project Designer | D65: vishal.kumar@studiolotus.in | E65: 2 | F65: Prashant Bharadwaj Team | G65: Prashant Bharadwaj | H65: SL0312
A66: Team | B66: Swati Seshadri | C66: Group Leader | D66: swati.seshadri@studiolotus.in | E66: 1 | F66: Swati Seshadri Team | G66: Ankur Choksi | H66: SL0216
A67: Member | B67: Alpika Pandey | C67: Architect | D67: alpika.pandey@studiolotus.in | E67: 1 | F67: Swati Seshadri Team | G67: Swati Seshadri | H67: SL0345
A68: Member | B68: Arham Jain | C68: Architect | D68: arham.jain@studiolotus.in | E68: 2 | F68: Swati Seshadri Team | G68: Swati Seshadri | H68: SL0342
A69: Member | B69: Devenpreet Singh Wahi | C69: Sr. Architect | D69: devenpreet@studiolotus.in | E69: 2 | F69: Swati Seshadri Team | G69: Swati Seshadri | H69: SL0176
A70: Member | B70: Kunal Sagar | C70: Project Architect | D70: kunal.sagar@studiolotus.in | E70: 1 | F70: Swati Seshadri Team | G70: Swati Seshadri | H70: SL0349
A71: Member | B71: Nabajyoti Dutta Choudhury | C71: Project Architect | D71: nabajyoti.dutta@studiolotus.in | E71: 1 | F71: Swati Seshadri Team | G71: Swati Seshadri | H71: SL0304
A72: Member | B72: Saurabh Jangid | C72: Intern | D72: saurabh.jangid@krvia.ac.in | E72: 0 | F72: Swati Seshadri Team | G72: Swati Seshadri | H72: 444
A73: Member | B73: Sharan S | C73: Sr. Architect | D73: sharan.s@studiolotus.in | E73: 1 | F73: Swati Seshadri Team | G73: Swati Seshadri | H73: SL0359
A74: Member | B74: Siddharth Ramkumar | C74: Sr. Architect | D74: siddharth.ramkumar@studiolotus.in | E74: 2 | F74: Swati Seshadri Team | G74: Swati Seshadri | H74: SL0281
A75: Member | B75: Tanmay Vaid | C75: Architect | D75: tanmay.vaid@studiolotus.in | E75: 2 | F75: Swati Seshadri Team | G75: Swati Seshadri | H75: SL0292
A76: Member | B76: Vijeet Shah | C76: Architect | D76: vijeet.shah@studiolotus.in | E76: 2 | F76: Swati Seshadri Team | G76: Swati Seshadri | H76: SL0320
A77: Principal | B77: Asha Sairam | C77: Principal | D77: asha@lotuslink.in | E77: 0 | H77: SL0005
A78: Team | B78: Insiya Pithawala | C78: Group Leader | D78: insiya@studiolotus.in | E78: 2 | F78: Insiya Pithawala Team | G78: Asha Sairam | H78: SL0075
A79: Member | B79: Anishaa Kashyap | C79: Designer | D79: anishaa.kashyap@studiolotus.in | E79: 2 | F79: Insiya Pithawala Team | G79: Insiya Pithawala | H79: SL0332
A80: Member | B80: Awani Devgan | C80: Intern | D80: awanidevgan1921@gmail.com | E80: 0 | F80: Insiya Pithawala Team | G80: Insiya Pithawala | H80: 452
A81: Member | B81: Isha Agrawal | C81: Sr. Designer | D81: isha.agrawal@studiolotus.in | E81: 2 | F81: Insiya Pithawala Team | G81: Insiya Pithawala | H81: SL0317
A82: Member | B82: Rashika Lungani | C82: Designer | D82: rashika.lungani@studiolotus.in | E82: 2 | F82: Insiya Pithawala Team | G82: Insiya Pithawala | H82: SL0284
A83: Member | B83: Reetika Singh | C83: Designer | D83: reetika.singh@studiolotus.in | E83: 2 | F83: Insiya Pithawala Team | G83: Insiya Pithawala | H83: SL0325
A84: Member | B84: Rudvi Senthil Kumar | C84: Designer | D84: rudvi@studiolotus.in | E84: 1 | F84: Insiya Pithawala Team | G84: Insiya Pithawala | H84: SL0355
A85: Member | B85: Sanya Mathur | C85: Designer | D85: sanya.mathur@studiolotus.in | E85: 1 | F85: Insiya Pithawala Team | G85: Insiya Pithawala | H85: SL0363
A86: Member | B86: Suryansh Agarwal | C86: Sr. Designer | D86: suryansh@studiolotus.in | E86: 2 | F86: Insiya Pithawala Team | G86: Insiya Pithawala | H86: SL0215
A87: Member | B87: Upangna Singh | C87: Intern | D87: singhupangna@gmail.com | E87: 0 | F87: Insiya Pithawala Team | G87: Insiya Pithawala | H87: 451
A88: Member | B88: Vartika Sood | C88: Sr. Designer | D88: vartika.sood@studiolotus.in | E88: 3 | F88: Insiya Pithawala Team | G88: Insiya Pithawala | H88: SL0155
A89: Team | B89: Neelam Das | C89: Associate Principal | D89: neelam@studiolotus.in | E89: 4 | F89: Neelam Das Team | G89: Asha Sairam | H89: SL0016 | I89: Neelam reports to Asha; not a principal node.
A90: Member | B90: Abdul Kalam | C90: Project Designer | D90: abdul@studiolotus.in | E90: 3 | F90: Neelam Das Team | G90: Neelam Das | H90: SL0271
A91: Member | B91: Abhijeet Roy | C91: Sr. Designer | D91: abhijeet.roy@studiolotus.in | E91: 1 | F91: Neelam Das Team | G91: Neelam Das | H91: SL0361
A92: Member | B92: Akshita Kalia | C92: Designer | D92: akshita.kalia@studiolotus.in | E92: 1 | F92: Neelam Das Team | G92: Neelam Das | H92: SL0346
A93: Member | B93: Amrapali Patra | C93: Architect | D93: amrapali@studiolotus.in | E93: 4 | F93: Neelam Das Team | G93: Neelam Das | H93: SL0294
A94: Member | B94: Ananya Bhardwaj | C94: Designer | D94: ananya.bhardwaj@studiolotus.in | E94: 1 | F94: Neelam Das Team | G94: Neelam Das | H94: SL0360
A95: Member | B95: Anushka Jindal | C95: Intern | D95: anushkajindal2004@gmail.com | E95: 0 | F95: Neelam Das Team | G95: Neelam Das | H95: 450
A96: Member | B96: Huda Ateeque | C96: Project Designer | D96: huda@studiolotus.in | E96: 1 | F96: Neelam Das Team | G96: Neelam Das | H96: SL0195
A97: Member | B97: Kadambari Kumar | C97: Project Designer | D97: kadambari@studiolotus.in | E97: 0 | F97: Neelam Das Team | G97: Neelam Das | H97: SL0354
A98: Member | B98: Kimaya Shashank Kamat | C98: Intern | D98: kimaya.kamat@studiolotus.in | E98: 0 | F98: Neelam Das Team | G98: Neelam Das | H98: 447
A99: Member | B99: Krishna Mandviwala | C99: Designer | D99: krishna.mandviwala@studiolotus.in | E99: 3 | F99: Neelam Das Team | G99: Neelam Das | H99: SL0335
A100: Member | B100: Neha Keshri | C100: Designer | D100: neha.keshri@studiolotus.in | E100: 2 | F100: Neelam Das Team | G100: Neelam Das | H100: SL0334
A101: Member | B101: Shailen Sharma | C101: Designer | D101: shailen.sharma@studiolotus.in | E101: 2 | F101: Neelam Das Team | G101: Neelam Das | H101: SL0322
...

Sheet Expiring_Soon
A1: Renewals Watchlist
A2: Window (days) | B2: 30 | C2: Anything in the next | D2: =B2 & " days" -> 30 days | E2: · Already-expired rows are highlighted in red.
A4: Software | B4: Entity | C4: Contract No | D4: People | E4: Vendor | F4: Start Date | G4: End Date | H4: Days to Expiry | I4: Renewal Status
A5: Software | B5: Entity | C5: Contract No | D5: People | E5: Vendor | F5: Start Date | G5: End Date | H5: Days to Expiry | I5: Renewal Status
A6: {=IFERROR(INDEX(License_Inventory!C:C,SMALL(IF((License_Inventory!O$2:O$199>=0)*(License_Inventory!O$2:O$199<=Expiring_Soon!$B$2),ROW(License_Inventory!O$2:O$199),""),ROW()-7)),"")} | B6: {=IFERROR(INDEX(License_Inventory!B:B,SMALL(IF((License_Inventory!O$2:O$199>=0)*(License_Inventory!O$2:O$199<=Expiring_Soon!$B$2),ROW(License_Inventory!O$2:O$199),""),ROW()-7)),"")} | C6: {=IFERROR(INDEX(License_Inventory!E:E,SMALL(IF((License_Inventory!O$2:O$199>=0)*(License_Inventory!O$2:O$199<=Expiring_Soon!$B$2),ROW(License_Inventory!O$2:O$199),""),ROW()-7)),"")} | D6: {=IFERROR(INDEX(License_Inventory!H:H,SMALL(IF((License_Inventory!O$2:O$199>=0)*(License_Inventory!O$2:O$199<=Expiring_Soon!$B$2),ROW(License_Inventory!O$2:O$199),""),ROW()-7)),"")} | E6: {=IFERROR(INDEX(License_Inventory!M:M,SMALL(IF((License_Inventory!O$2:O$199>=0)*(License_Inventory!O$2:O$199<=Expiring_Soon!$B$2),ROW(License_Inventory!O$2:O$199),""),ROW()-7)),"")} | F6: {=IFERROR(INDEX(License_Inventory!I:I,SMALL(IF((License_Inventory!O$2:O$199>=0)*(License_Inventory!O$2:O$199<=Expiring_Soon!$B$2),ROW(License_Inventory!O$2:O$199),""),ROW()-7)),"")} | G6: {=IFERROR(INDEX(License_Inventory!J:J,SMALL(IF((License_Inventory!O$2:O$199>=0)*(License_Inventory!O$2:O$199<=Expiring_Soon!$B$2),ROW(License_Inventory!O$2:O$199),""),ROW()-7)),"")} | H6: {=IFERROR(INDEX(License_Inventory!O:O,SMALL(IF((License_Inventory!O$2:O$199>=0)*(License_Inventory!O$2:O$199<=Expiring_Soon!$B$2),ROW(License_Inventory!O$2:O$199),""),ROW()-7)),"")} | I6: {=IFERROR(INDEX(License_Inventory!P:P,SMALL(IF((License_Inventory!O$2:O$199>=0)*(License_Inventory!O$2:O$199<=Expiring_Soon!$B$2),ROW(License_Inventory!O$2:O$199),""),ROW()-7)),"")}
A7: {=IFERROR(INDEX(License_Inventory!C:C,SMALL(IF((License_Inventory!O$2:O$199>=0)*(License_Inventory!O$2:O$199<=Expiring_Soon!$B$2),ROW(License_Inventory!O$2:O$199),""),ROW()-7)),"")} | B7: {=IFERROR(INDEX(License_Inventory!B:B,SMALL(IF((License_Inventory!O$2:O$199>=0)*(License_Inventory!O$2:O$199<=Expiring_Soon!$B$2),ROW(License_Inventory!O$2:O$199),""),ROW()-7)),"")} | C7: {=IFERROR(INDEX(License_Inventory!E:E,SMALL(IF((License_Inventory!O$2:O$199>=0)*(License_Inventory!O$2:O$199<=Expiring_Soon!$B$2),ROW(License_Inventory!O$2:O$199),""),ROW()-7)),"")} | D7: {=IFERROR(INDEX(License_Inventory!H:H,SMALL(IF((License_Inventory!O$2:O$199>=0)*(License_Inventory!O$2:O$199<=Expiring_Soon!$B$2),ROW(License_Inventory!O$2:O$199),""),ROW()-7)),"")} | E7: {=IFERROR(INDEX(License_Inventory!M:M,SMALL(IF((License_Inventory!O$2:O$199>=0)*(License_Inventory!O$2:O$199<=Expiring_Soon!$B$2),ROW(License_Inventory!O$2:O$199),""),ROW()-7)),"")} | F7: {=IFERROR(INDEX(License_Inventory!I:I,SMALL(IF((License_Inventory!O$2:O$199>=0)*(License_Inventory!O$2:O$199<=Expiring_Soon!$B$2),ROW(License_Inventory!O$2:O$199),""),ROW()-7)),"")} | G7: {=IFERROR(INDEX(License_Inventory!J:J,SMALL(IF((License_Inventory!O$2:O$199>=0)*(License_Inventory!O$2:O$199<=Expiring_Soon!$B$2),ROW(License_Inventory!O$2:O$199),""),ROW()-7)),"")} | H7: {=IFERROR(INDEX(License_Inventory!O:O,SMALL(IF((License_Inventory!O$2:O$199>=0)*(License_Inventory!O$2:O$199<=Expiring_Soon!$B$2),ROW(License_Inventory!O$2:O$199),""),ROW()-7)),"")} | I7: {=IFERROR(INDEX(License_Inventory!P:P,SMALL(IF((License_Inventory!O$2:O$199>=0)*(License_Inventory!O$2:O$199<=Expiring_Soon!$B$2),ROW(License_Inventory!O$2:O$199),""),ROW()-7)),"")}
A8: {=IFERROR(INDEX(License_Inventory!C:C,SMALL(IF((License_Inventory!O$2:O$199>=0)*(License_Inventory!O$2:O$199<=Expiring_Soon!$B$2),ROW(License_Inventory!O$2:O$199),""),ROW()-7)),"")} -> AutoCAD LT | B8: {=IFERROR(INDEX(License_Inventory!B:B,SMALL(IF((License_Inventory!O$2:O$199>=0)*(License_Inventory!O$2:O$199<=Expiring_Soon!$B$2),ROW(License_Inventory!O$2:O$199),""),ROW()-7)),"")} -> TAC Design (Studio Lotus) | C8: {=IFERROR(INDEX(License_Inventory!E:E,SMALL(IF((License_Inventory!O$2:O$199>=0)*(License_Inventory!O$2:O$199<=Expiring_Soon!$B$2),ROW(License_Inventory!O$2:O$199),""),ROW()-7)),"")} -> 110003617657 | D8: {=IFERROR(INDEX(License_Inventory!H:H,SMALL(IF((License_Inventory!O$2:O$199>=0)*(License_Inventory!O$2:O$199<=Expiring_Soon!$B$2),ROW(License_Inventory!O$2:O$199),""),ROW()-7)),"")} -> 10 | E8: {=IFERROR(INDEX(License_Inventory!M:M,SMALL(IF((License_Inventory!O$2:O$199>=0)*(License_Inventory!O$2:O$199<=Expiring_Soon!$B$2),ROW(License_Inventory!O$2:O$199),""),ROW()-7)),"")} -> CAPRICOT | F8: {=IFERROR(INDEX(License_Inventory!I:I,SMALL(IF((License_Inventory!O$2:O$199>=0)*(License_Inventory!O$2:O$199<=Expiring_Soon!$B$2),ROW(License_Inventory!O$2:O$199),""),ROW()-7)),"")} -> 45830 | G8: {=IFERROR(INDEX(License_Inventory!J:J,SMALL(IF((License_Inventory!O$2:O$199>=0)*(License_Inventory!O$2:O$199<=Expiring_Soon!$B$2),ROW(License_Inventory!O$2:O$199),""),ROW()-7)),"")} -> 46195 | H8: {=IFERROR(INDEX(License_Inventory!O:O,SMALL(IF((License_Inventory!O$2:O$199>=0)*(License_Inventory!O$2:O$199<=Expiring_Soon!$B$2),ROW(License_Inventory!O$2:O$199),""),ROW()-7)),"")} -> 20 | I8: {=IFERROR(INDEX(License_Inventory!P:P,SMALL(IF((License_Inventory!O$2:O$199>=0)*(License_Inventory!O$2:O$199<=Expiring_Soon!$B$2),ROW(License_Inventory!O$2:O$199),""),ROW()-7)),"")} -> Expiring Soon
A9: {=IFERROR(INDEX(License_Inventory!C:C,SMALL(IF((License_Inventory!O$2:O$199>=0)*(License_Inventory!O$2:O$199<=Expiring_Soon!$B$2),ROW(License_Inventory!O$2:O$199),""),ROW()-7)),"")} -> SKETCHUP PRO | B9: {=IFERROR(INDEX(License_Inventory!B:B,SMALL(IF((License_Inventory!O$2:O$199>=0)*(License_Inventory!O$2:O$199<=Expiring_Soon!$B$2),ROW(License_Inventory!O$2:O$199),""),ROW()-7)),"")} -> TAC Design (Studio Lotus) | C9: {=IFERROR(INDEX(License_Inventory!E:E,SMALL(IF((License_Inventory!O$2:O$199>=0)*(License_Inventory!O$2:O$199<=Expiring_Soon!$B$2),ROW(License_Inventory!O$2:O$199),""),ROW()-7)),"")} | D9: {=IFERROR(INDEX(License_Inventory!H:H,SMALL(IF((License_Inventory!O$2:O$199>=0)*(License_Inventory!O$2:O$199<=Expiring_Soon!$B$2),ROW(License_Inventory!O$2:O$199),""),ROW()-7)),"")} -> 19 | E9: {=IFERROR(INDEX(License_Inventory!M:M,SMALL(IF((License_Inventory!O$2:O$199>=0)*(License_Inventory!O$2:O$199<=Expiring_Soon!$B$2),ROW(License_Inventory!O$2:O$199),""),ROW()-7)),"")} -> MICROGENESIS | F9: {=IFERROR(INDEX(License_Inventory!I:I,SMALL(IF((License_Inventory!O$2:O$199>=0)*(License_Inventory!O$2:O$199<=Expiring_Soon!$B$2),ROW(License_Inventory!O$2:O$199),""),ROW()-7)),"")} -> 45813 | G9: {=IFERROR(INDEX(License_Inventory!J:J,SMALL(IF((License_Inventory!O$2:O$199>=0)*(License_Inventory!O$2:O$199<=Expiring_Soon!$B$2),ROW(License_Inventory!O$2:O$199),""),ROW()-7)),"")} -> 46178 | H9: {=IFERROR(INDEX(License_Inventory!O:O,SMALL(IF((License_Inventory!O$2:O$199>=0)*(License_Inventory!O$2:O$199<=Expiring_Soon!$B$2),ROW(License_Inventory!O$2:O$199),""),ROW()-7)),"")} -> 3 | I9: {=IFERROR(INDEX(License_Inventory!P:P,SMALL(IF((License_Inventory!O$2:O$199>=0)*(License_Inventory!O$2:O$199<=Expiring_Soon!$B$2),ROW(License_Inventory!O$2:O$199),""),ROW()-7)),"")} -> Expiring Soon
A10: {=IFERROR(INDEX(License_Inventory!C:C,SMALL(IF((License_Inventory!O$2:O$199>=0)*(License_Inventory!O$2:O$199<=Expiring_Soon!$B$2),ROW(License_Inventory!O$2:O$199),""),ROW()-7)),"")} | B10: {=IFERROR(INDEX(License_Inventory!B:B,SMALL(IF((License_Inventory!O$2:O$199>=0)*(License_Inventory!O$2:O$199<=Expiring_Soon!$B$2),ROW(License_Inventory!O$2:O$199),""),ROW()-7)),"")} | C10: {=IFERROR(INDEX(License_Inventory!E:E,SMALL(IF((License_Inventory!O$2:O$199>=0)*(License_Inventory!O$2:O$199<=Expiring_Soon!$B$2),ROW(License_Inventory!O$2:O$199),""),ROW()-7)),"")} | D10: {=IFERROR(INDEX(License_Inventory!H:H,SMALL(IF((License_Inventory!O$2:O$199>=0)*(License_Inventory!O$2:O$199<=Expiring_Soon!$B$2),ROW(License_Inventory!O$2:O$199),""),ROW()-7)),"")} | E10: {=IFERROR(INDEX(License_Inventory!M:M,SMALL(IF((License_Inventory!O$2:O$199>=0)*(License_Inventory!O$2:O$199<=Expiring_Soon!$B$2),ROW(License_Inventory!O$2:O$199),""),ROW()-7)),"")} | F10: {=IFERROR(INDEX(License_Inventory!I:I,SMALL(IF((License_Inventory!O$2:O$199>=0)*(License_Inventory!O$2:O$199<=Expiring_Soon!$B$2),ROW(License_Inventory!O$2:O$199),""),ROW()-7)),"")} | G10: {=IFERROR(INDEX(License_Inventory!J:J,SMALL(IF((License_Inventory!O$2:O$199>=0)*(License_Inventory!O$2:O$199<=Expiring_Soon!$B$2),ROW(License_Inventory!O$2:O$199),""),ROW()-7)),"")} | H10: {=IFERROR(INDEX(License_Inventory!O:O,SMALL(IF((License_Inventory!O$2:O$199>=0)*(License_Inventory!O$2:O$199<=Expiring_Soon!$B$2),ROW(License_Inventory!O$2:O$199),""),ROW()-7)),"")} | I10: {=IFERROR(INDEX(License_Inventory!P:P,SMALL(IF((License_Inventory!O$2:O$199>=0)*(License_Inventory!O$2:O$199<=Expiring_Soon!$B$2),ROW(License_Inventory!O$2:O$199),""),ROW()-7)),"")}
A11: {=IFERROR(INDEX(License_Inventory!C:C,SMALL(IF((License_Inventory!O$2:O$199>=0)*(License_Inventory!O$2:O$199<=Expiring_Soon!$B$2),ROW(License_Inventory!O$2:O$199),""),ROW()-7)),"")} | B11: {=IFERROR(INDEX(License_Inventory!B:B,SMALL(IF((License_Inventory!O$2:O$199>=0)*(License_Inventory!O$2:O$199<=Expiring_Soon!$B$2),ROW(License_Inventory!O$2:O$199),""),ROW()-7)),"")} | C11: {=IFERROR(INDEX(License_Inventory!E:E,SMALL(IF((License_Inventory!O$2:O$199>=0)*(License_Inventory!O$2:O$199<=Expiring_Soon!$B$2),ROW(License_Inventory!O$2:O$199),""),ROW()-7)),"")} | D11: {=IFERROR(INDEX(License_Inventory!H:H,SMALL(IF((License_Inventory!O$2:O$199>=0)*(License_Inventory!O$2:O$199<=Expiring_Soon!$B$2),ROW(License_Inventory!O$2:O$199),""),ROW()-7)),"")} | E11: {=IFERROR(INDEX(License_Inventory!M:M,SMALL(IF((License_Inventory!O$2:O$199>=0)*(License_Inventory!O$2:O$199<=Expiring_Soon!$B$2),ROW(License_Inventory!O$2:O$199),""),ROW()-7)),"")} | F11: {=IFERROR(INDEX(License_Inventory!I:I,SMALL(IF((License_Inventory!O$2:O$199>=0)*(License_Inventory!O$2:O$199<=Expiring_Soon!$B$2),ROW(License_Inventory!O$2:O$199),""),ROW()-7)),"")} | G11: {=IFERROR(INDEX(License_Inventory!J:J,SMALL(IF((License_Inventory!O$2:O$199>=0)*(License_Inventory!O$2:O$199<=Expiring_Soon!$B$2),ROW(License_Inventory!O$2:O$199),""),ROW()-7)),"")} | H11: {=IFERROR(INDEX(License_Inventory!O:O,SMALL(IF((License_Inventory!O$2:O$199>=0)*(License_Inventory!O$2:O$199<=Expiring_Soon!$B$2),ROW(License_Inventory!O$2:O$199),""),ROW()-7)),"")} | I11: {=IFERROR(INDEX(License_Inventory!P:P,SMALL(IF((License_Inventory!O$2:O$199>=0)*(License_Inventory!O$2:O$199<=Expiring_Soon!$B$2),ROW(License_Inventory!O$2:O$199),""),ROW()-7)),"")}
A12: {=IFERROR(INDEX(License_Inventory!C:C,SMALL(IF((License_Inventory!O$2:O$199>=0)*(License_Inventory!O$2:O$199<=Expiring_Soon!$B$2),ROW(License_Inventory!O$2:O$199),""),ROW()-7)),"")} | B12: {=IFERROR(INDEX(License_Inventory!B:B,SMALL(IF((License_Inventory!O$2:O$199>=0)*(License_Inventory!O$2:O$199<=Expiring_Soon!$B$2),ROW(License_Inventory!O$2:O$199),""),ROW()-7)),"")} | C12: {=IFERROR(INDEX(License_Inventory!E:E,SMALL(IF((License_Inventory!O$2:O$199>=0)*(License_Inventory!O$2:O$199<=Expiring_Soon!$B$2),ROW(License_Inventory!O$2:O$199),""),ROW()-7)),"")} | D12: {=IFERROR(INDEX(License_Inventory!H:H,SMALL(IF((License_Inventory!O$2:O$199>=0)*(License_Inventory!O$2:O$199<=Expiring_Soon!$B$2),ROW(License_Inventory!O$2:O$199),""),ROW()-7)),"")} | E12: {=IFERROR(INDEX(License_Inventory!M:M,SMALL(IF((License_Inventory!O$2:O$199>=0)*(License_Inventory!O$2:O$199<=Expiring_Soon!$B$2),ROW(License_Inventory!O$2:O$199),""),ROW()-7)),"")} | F12: {=IFERROR(INDEX(License_Inventory!I:I,SMALL(IF((License_Inventory!O$2:O$199>=0)*(License_Inventory!O$2:O$199<=Expiring_Soon!$B$2),ROW(License_Inventory!O$2:O$199),""),ROW()-7)),"")} | G12: {=IFERROR(INDEX(License_Inventory!J:J,SMALL(IF((License_Inventory!O$2:O$199>=0)*(License_Inventory!O$2:O$199<=Expiring_Soon!$B$2),ROW(License_Inventory!O$2:O$199),""),ROW()-7)),"")} | H12: {=IFERROR(INDEX(License_Inventory!O:O,SMALL(IF((License_Inventory!O$2:O$199>=0)*(License_Inventory!O$2:O$199<=Expiring_Soon!$B$2),ROW(License_Inventory!O$2:O$199),""),ROW()-7)),"")} | I12: {=IFERROR(INDEX(License_Inventory!P:P,SMALL(IF((License_Inventory!O$2:O$199>=0)*(License_Inventory!O$2:O$199<=Expiring_Soon!$B$2),ROW(License_Inventory!O$2:O$199),""),ROW()-7)),"")}
